label,hash,flavor_text
ITEMNAME_000,2C73248BE879596A,None
ITEMNAME_001,2C73258BE8795B1D,Master Ball
ITEMNAME_002,2C73228BE8795604,Ultra Ball
ITEMNAME_003,2C73238BE87957B7,Great Ball
ITEMNAME_004,2C73208BE879529E,Poké Ball
ITEMNAME_005,2C73218BE8795451,Safari Ball
ITEMNAME_006,2C731E8BE8794F38,Net Ball
ITEMNAME_007,2C731F8BE87950EB,Dive Ball
ITEMNAME_008,2C731C8BE8794BD2,Nest Ball
ITEMNAME_009,2C731D8BE8794D85,Repeat Ball
ITEMNAME_010,2C768A8BE87C3C93,Timer Ball
ITEMNAME_011,2C76898BE87C3AE0,Luxury Ball
ITEMNAME_012,2C768C8BE87C3FF9,Premier Ball
ITEMNAME_013,2C768B8BE87C3E46,Dusk Ball
ITEMNAME_014,2C768E8BE87C435F,Heal Ball
ITEMNAME_015,2C768D8BE87C41AC,Quick Ball
ITEMNAME_016,2C76908BE87C46C5,Cherish Ball
ITEMNAME_017,2C768F8BE87C4512,Potion
ITEMNAME_018,2C76928BE87C4A2B,Antidote
ITEMNAME_019,2C76918BE87C4878,Burn Heal
ITEMNAME_020,2C6C188BE8732658,Ice Heal
ITEMNAME_021,2C6C198BE873280B,Awakening
ITEMNAME_022,2C6C1A8BE87329BE,Paralyze Heal
ITEMNAME_023,2C6C1B8BE8732B71,Full Restore
ITEMNAME_024,2C6C1C8BE8732D24,Max Potion
ITEMNAME_025,2C6C1D8BE8732ED7,Hyper Potion
ITEMNAME_026,2C6C1E8BE873308A,Super Potion
ITEMNAME_027,2C6C1F8BE873323D,Full Heal
ITEMNAME_028,2C6C108BE87318C0,Revive
ITEMNAME_029,2C6C118BE8731A73,Max Revive
ITEMNAME_030,2C6F9E8BE8763FE1,Fresh Water
ITEMNAME_031,2C6F9D8BE8763E2E,Soda Pop
ITEMNAME_032,2C6F9C8BE8763C7B,Lemonade
ITEMNAME_033,2C6F9B8BE8763AC8,Moomoo Milk
ITEMNAME_034,2C6FA28BE87646AD,Energy Powder
ITEMNAME_035,2C6FA18BE87644FA,Energy Root
ITEMNAME_036,2C6FA08BE8764347,Heal Powder
ITEMNAME_037,2C6F9F8BE8764194,Revival Herb
ITEMNAME_038,2C6F968BE8763249,Ether
ITEMNAME_039,2C6F958BE8763096,Max Ether
ITEMNAME_040,2C809C8BE884AFAE,Elixir
ITEMNAME_041,2C809D8BE884B161,Max Elixir
ITEMNAME_042,2C809A8BE884AC48,Lava Cookie
ITEMNAME_043,2C809B8BE884ADFB,Berry Juice
ITEMNAME_044,2C80A08BE884B67A,Sacred Ash
ITEMNAME_045,2C80A18BE884B82D,HP Up
ITEMNAME_046,2C809E8BE884B314,Protein
ITEMNAME_047,2C809F8BE884B4C7,Iron
ITEMNAME_048,2C80948BE884A216,Carbos
ITEMNAME_049,2C80958BE884A3C9,Calcium
ITEMNAME_050,2C84228BE887C937,Rare Candy
ITEMNAME_051,2C84218BE887C784,PP Up
ITEMNAME_052,2C84248BE887CC9D,Zinc
ITEMNAME_053,2C84238BE887CAEA,PP Max
ITEMNAME_054,2C841E8BE887C26B,Old Gateau
ITEMNAME_055,2C841D8BE887C0B8,Guard Spec.
ITEMNAME_056,2C84208BE887C5D1,Dire Hit
ITEMNAME_057,2C841F8BE887C41E,X Attack
ITEMNAME_058,2C841A8BE887BB9F,X Defense
ITEMNAME_059,2C84198BE887B9EC,X Speed
ITEMNAME_060,2C7A108BE87F561C,X Accuracy
ITEMNAME_061,2C7A118BE87F57CF,X Sp. Atk
ITEMNAME_062,2C7A128BE87F5982,X Sp. Def
ITEMNAME_063,2C7A138BE87F5B35,Poké Doll
ITEMNAME_064,2C7A0C8BE87F4F50,Fluffy Tail
ITEMNAME_065,2C7A0D8BE87F5103,Blue Flute
ITEMNAME_066,2C7A0E8BE87F52B6,Yellow Flute
ITEMNAME_067,2C7A0F8BE87F5469,Red Flute
ITEMNAME_068,2C7A188BE87F63B4,Black Flute
ITEMNAME_069,2C7A198BE87F6567,White Flute
ITEMNAME_070,2C7D168BE8819625,Shoal Salt
ITEMNAME_071,2C7D158BE8819472,Shoal Shell
ITEMNAME_072,2C7D148BE88192BF,Red Shard
ITEMNAME_073,2C7D138BE881910C,Blue Shard
ITEMNAME_074,2C7D128BE8818F59,Yellow Shard
ITEMNAME_075,2C7D118BE8818DA6,Green Shard
ITEMNAME_076,2C7D108BE8818BF3,Super Repel
ITEMNAME_077,2C7D0F8BE8818A40,Max Repel
ITEMNAME_078,2C7D1E8BE881A3BD,Escape Rope
ITEMNAME_079,2C7D1D8BE881A20A,Repel
ITEMNAME_080,2C58148BE8627682,Sun Stone
ITEMNAME_081,2C58158BE8627835,Moon Stone
ITEMNAME_082,2C58128BE862731C,Fire Stone
ITEMNAME_083,2C58138BE86274CF,Thunder Stone
ITEMNAME_084,2C58108BE8626FB6,Water Stone
ITEMNAME_085,2C58118BE8627169,Leaf Stone
ITEMNAME_086,2C580E8BE8626C50,Tiny Mushroom
ITEMNAME_087,2C580F8BE8626E03,Big Mushroom
ITEMNAME_088,2C581C8BE862841A,Pearl
ITEMNAME_089,2C581D8BE86285CD,Big Pearl
ITEMNAME_090,2C5B1A8BE864B68B,Stardust
ITEMNAME_091,2C5B198BE864B4D8,Star Piece
ITEMNAME_092,2C5B1C8BE864B9F1,Nugget
ITEMNAME_093,2C5B1B8BE864B83E,Heart Scale
ITEMNAME_094,2C5B1E8BE864BD57,Honey
ITEMNAME_095,2C5B1D8BE864BBA4,Growth Mulch
ITEMNAME_096,2C5B208BE864C0BD,Damp Mulch
ITEMNAME_097,2C5B1F8BE864BF0A,Stable Mulch
ITEMNAME_098,2C5B128BE864A8F3,Gooey Mulch
ITEMNAME_099,2C5B118BE864A740,Root Fossil
ITEMNAME_100,35893F8BEDBD86D5,Claw Fossil
ITEMNAME_101,35893E8BEDBD8522,Helix Fossil
ITEMNAME_102,35893D8BEDBD836F,Dome Fossil
ITEMNAME_103,35893C8BEDBD81BC,Old Amber
ITEMNAME_104,35893B8BEDBD8009,Armor Fossil
ITEMNAME_105,35893A8BEDBD7E56,Skull Fossil
ITEMNAME_106,3589398BEDBD7CA3,Rare Bone
ITEMNAME_107,3589388BEDBD7AF0,Shiny Stone
ITEMNAME_108,3589478BEDBD946D,Dusk Stone
ITEMNAME_109,3589468BEDBD92BA,Dawn Stone
ITEMNAME_110,3585B98BEDBA6D4C,Oval Stone
ITEMNAME_111,3585BA8BEDBA6EFF,Odd Keystone
ITEMNAME_112,3585BB8BEDBA70B2,Griseous Orb
ITEMNAME_113,3585BC8BEDBA7265,Tea
ITEMNAME_114,3585B58BEDBA6680,???
ITEMNAME_115,3585B68BEDBA6833,Autograph
ITEMNAME_116,3585B78BEDBA69E6,Douse Drive
ITEMNAME_117,3585B88BEDBA6B99,Shock Drive
ITEMNAME_118,3585C18BEDBA7AE4,Burn Drive
ITEMNAME_119,3585C28BEDBA7C97,Chill Drive
ITEMNAME_120,35904B8BEDC3B9E7,???
ITEMNAME_121,35904A8BEDC3B834,Pokémon Box Link
ITEMNAME_122,35904D8BEDC3BD4D,Medicine Pocket
ITEMNAME_123,35904C8BEDC3BB9A,TM Case
ITEMNAME_124,3590478BEDC3B31B,Candy Jar
ITEMNAME_125,3590468BEDC3B168,Power-Up Pocket
ITEMNAME_126,3590498BEDC3B681,Clothing Trunk
ITEMNAME_127,3590488BEDC3B4CE,Catching Pocket
ITEMNAME_128,3590438BEDC3AC4F,Battle Pocket
ITEMNAME_129,3590428BEDC3AA9C,???
ITEMNAME_130,358CC58BEDC0A05E,???
ITEMNAME_131,358CC68BEDC0A211,???
ITEMNAME_132,358CC38BEDC09CF8,???
ITEMNAME_133,358CC48BEDC09EAB,???
ITEMNAME_134,358CC98BEDC0A72A,Sweet Heart
ITEMNAME_135,358CCA8BEDC0A8DD,Adamant Orb
ITEMNAME_136,358CC78BEDC0A3C4,Lustrous Orb
ITEMNAME_137,358CC88BEDC0A577,Greet Mail
ITEMNAME_138,358CBD8BEDC092C6,Favored Mail
ITEMNAME_139,358CBE8BEDC09479,RSVP Mail
ITEMNAME_140,357BC78BEDB23091,Thanks Mail
ITEMNAME_141,357BC68BEDB22EDE,Inquiry Mail
ITEMNAME_142,357BC58BEDB22D2B,Like Mail
ITEMNAME_143,357BC48BEDB22B78,Reply Mail
ITEMNAME_144,357BCB8BEDB2375D,Bridge Mail S
ITEMNAME_145,357BCA8BEDB235AA,Bridge Mail D
ITEMNAME_146,357BC98BEDB233F7,Bridge Mail T
ITEMNAME_147,357BC88BEDB23244,Bridge Mail V
ITEMNAME_148,357BBF8BEDB222F9,Bridge Mail M
ITEMNAME_149,357BBE8BEDB22146,Cheri Berry
ITEMNAME_150,3578418BEDAF1708,Chesto Berry
ITEMNAME_151,3578428BEDAF18BB,Pecha Berry
ITEMNAME_152,3578438BEDAF1A6E,Rawst Berry
ITEMNAME_153,3578448BEDAF1C21,Aspear Berry
ITEMNAME_154,3578458BEDAF1DD4,Leppa Berry
ITEMNAME_155,3578468BEDAF1F87,Oran Berry
ITEMNAME_156,3578478BEDAF213A,Persim Berry
ITEMNAME_157,3578488BEDAF22ED,Lum Berry
ITEMNAME_158,3578398BEDAF0970,Sitrus Berry
ITEMNAME_159,35783A8BEDAF0B23,Figy Berry
ITEMNAME_160,3582B38BEDB82D43,Wiki Berry
ITEMNAME_161,3582B28BEDB82B90,Mago Berry
ITEMNAME_162,3582B58BEDB830A9,Aguav Berry
ITEMNAME_163,3582B48BEDB82EF6,Iapapa Berry
ITEMNAME_164,3582B78BEDB8340F,Razz Berry
ITEMNAME_165,3582B68BEDB8325C,Bluk Berry
ITEMNAME_166,3582B98BEDB83775,Nanab Berry
ITEMNAME_167,3582B88BEDB835C2,Wepear Berry
ITEMNAME_168,3582BB8BEDB83ADB,Pinap Berry
ITEMNAME_169,3582BA8BEDB83928,Pomeg Berry
ITEMNAME_170,357F4D8BEDB54A1A,Kelpsy Berry
ITEMNAME_171,357F4E8BEDB54BCD,Qualot Berry
ITEMNAME_172,357F4B8BEDB546B4,Hondew Berry
ITEMNAME_173,357F4C8BEDB54867,Grepa Berry
ITEMNAME_174,357F498BEDB5434E,Tamato Berry
ITEMNAME_175,357F4A8BEDB54501,Cornn Berry
ITEMNAME_176,357F478BEDB53FE8,Magost Berry
ITEMNAME_177,357F488BEDB5419B,Rabuta Berry
ITEMNAME_178,357F458BEDB53C82,Nomel Berry
ITEMNAME_179,357F468BEDB53E35,Spelon Berry
ITEMNAME_180,356E4F8BEDA6DA4D,Pamtre Berry
ITEMNAME_181,356E4E8BEDA6D89A,Watmel Berry
ITEMNAME_182,356E4D8BEDA6D6E7,Durin Berry
ITEMNAME_183,356E4C8BEDA6D534,Belue Berry
ITEMNAME_184,356E4B8BEDA6D381,Occa Berry
ITEMNAME_185,356E4A8BEDA6D1CE,Passho Berry
ITEMNAME_186,356E498BEDA6D01B,Wacan Berry
ITEMNAME_187,356E488BEDA6CE68,Rindo Berry
ITEMNAME_188,356E478BEDA6CCB5,Yache Berry
ITEMNAME_189,356E468BEDA6CB02,Chople Berry
ITEMNAME_190,356AC98BEDA3C0C4,Kebia Berry
ITEMNAME_191,356ACA8BEDA3C277,Shuca Berry
ITEMNAME_192,356ACB8BEDA3C42A,Coba Berry
ITEMNAME_193,356ACC8BEDA3C5DD,Payapa Berry
ITEMNAME_194,356AC58BEDA3B9F8,Tanga Berry
ITEMNAME_195,356AC68BEDA3BBAB,Charti Berry
ITEMNAME_196,356AC78BEDA3BD5E,Kasib Berry
ITEMNAME_197,356AC88BEDA3BF11,Haban Berry
ITEMNAME_198,356AC18BEDA3B32C,Colbur Berry
ITEMNAME_199,356AC28BEDA3B4DF,Babiri Berry
ITEMNAME_200,1A46CE8BDDF0C834,Chilan Berry
ITEMNAME_201,1A46CF8BDDF0C9E7,Liechi Berry
ITEMNAME_202,1A46D08BDDF0CB9A,Ganlon Berry
ITEMNAME_203,1A46D18BDDF0CD4D,Salac Berry
ITEMNAME_204,1A46CA8BDDF0C168,Petaya Berry
ITEMNAME_205,1A46CB8BDDF0C31B,Apicot Berry
ITEMNAME_206,1A46CC8BDDF0C4CE,Lansat Berry
ITEMNAME_207,1A46CD8BDDF0C681,Starf Berry
ITEMNAME_208,1A46C68BDDF0BA9C,Enigma Berry
ITEMNAME_209,1A46C78BDDF0BC4F,Micle Berry
ITEMNAME_210,1A49D48BDDF3083D,Custap Berry
ITEMNAME_211,1A49D38BDDF3068A,Jaboca Berry
ITEMNAME_212,1A49D28BDDF304D7,Rowap Berry
ITEMNAME_213,1A49D18BDDF30324,Bright Powder
ITEMNAME_214,1A49D08BDDF30171,White Herb
ITEMNAME_215,1A49CF8BDDF2FFBE,Macho Brace
ITEMNAME_216,1A49CE8BDDF2FE0B,Exp. Share
ITEMNAME_217,1A49CD8BDDF2FC58,Quick Claw
ITEMNAME_218,1A49CC8BDDF2FAA5,Soothe Bell
ITEMNAME_219,1A49CB8BDDF2F8F2,Mental Herb
ITEMNAME_220,1A4D3A8BDDF5EB66,Choice Band
ITEMNAME_221,1A4D3B8BDDF5ED19,King’s Rock
ITEMNAME_222,1A4D388BDDF5E800,Silver Powder
ITEMNAME_223,1A4D398BDDF5E9B3,Amulet Coin
ITEMNAME_224,1A4D3E8BDDF5F232,Cleanse Tag
ITEMNAME_225,1A4D3F8BDDF5F3E5,Soul Dew
ITEMNAME_226,1A4D3C8BDDF5EECC,Deep Sea Tooth
ITEMNAME_227,1A4D3D8BDDF5F07F,Deep Sea Scale
ITEMNAME_228,1A4D428BDDF5F8FE,Smoke Ball
ITEMNAME_229,1A4D438BDDF5FAB1,Everstone
ITEMNAME_230,1A50C08BDDF904EF,Focus Band
ITEMNAME_231,1A50BF8BDDF9033C,Lucky Egg
ITEMNAME_232,1A50C28BDDF90855,Scope Lens
ITEMNAME_233,1A50C18BDDF906A2,Metal Coat
ITEMNAME_234,1A50BC8BDDF8FE23,Leftovers
ITEMNAME_235,1A50BB8BDDF8FC70,Dragon Scale
ITEMNAME_236,1A50BE8BDDF90189,Light Ball
ITEMNAME_237,1A50BD8BDDF8FFD6,Soft Sand
ITEMNAME_238,1A50C88BDDF91287,Hard Stone
ITEMNAME_239,1A50C78BDDF910D4,Miracle Seed
ITEMNAME_240,1A39368BDDE53B90,Black Glasses
ITEMNAME_241,1A39378BDDE53D43,Black Belt
ITEMNAME_242,1A39388BDDE53EF6,Magnet
ITEMNAME_243,1A39398BDDE540A9,Mystic Water
ITEMNAME_244,1A393A8BDDE5425C,Sharp Beak
ITEMNAME_245,1A393B8BDDE5440F,Poison Barb
ITEMNAME_246,1A393C8BDDE545C2,Never-Melt Ice
ITEMNAME_247,1A393D8BDDE54775,Spell Tag
ITEMNAME_248,1A393E8BDDE54928,Twisted Spoon
ITEMNAME_249,1A393F8BDDE54ADB,Charcoal
ITEMNAME_250,1A3C3C8BDDE77B99,Dragon Fang
ITEMNAME_251,1A3C3B8BDDE779E6,Silk Scarf
ITEMNAME_252,1A3C3A8BDDE77833,Upgrade
ITEMNAME_253,1A3C398BDDE77680,Shell Bell
ITEMNAME_254,1A3C408BDDE78265,Sea Incense
ITEMNAME_255,1A3C3F8BDDE780B2,Lax Incense
ITEMNAME_256,1A3C3E8BDDE77EFF,Lucky Punch
ITEMNAME_257,1A3C3D8BDDE77D4C,Metal Powder
ITEMNAME_258,1A3C448BDDE78931,Thick Club
ITEMNAME_259,1A3C438BDDE7877E,Leek
ITEMNAME_260,1A3FC28BDDEA9522,Red Scarf
ITEMNAME_261,1A3FC38BDDEA96D5,Blue Scarf
ITEMNAME_262,1A3FC08BDDEA91BC,Pink Scarf
ITEMNAME_263,1A3FC18BDDEA936F,Green Scarf
ITEMNAME_264,1A3FBE8BDDEA8E56,Yellow Scarf
ITEMNAME_265,1A3FBF8BDDEA9009,Wide Lens
ITEMNAME_266,1A3FBC8BDDEA8AF0,Muscle Band
ITEMNAME_267,1A3FBD8BDDEA8CA3,Wise Glasses
ITEMNAME_268,1A3FCA8BDDEAA2BA,Expert Belt
ITEMNAME_269,1A3FCB8BDDEAA46D,Light Clay
ITEMNAME_270,1A43488BDDEDAEAB,Life Orb
ITEMNAME_271,1A43478BDDEDACF8,Power Herb
ITEMNAME_272,1A434A8BDDEDB211,Toxic Orb
ITEMNAME_273,1A43498BDDEDB05E,Flame Orb
ITEMNAME_274,1A434C8BDDEDB577,Quick Powder
ITEMNAME_275,1A434B8BDDEDB3C4,Focus Sash
ITEMNAME_276,1A434E8BDDEDB8DD,Zoom Lens
ITEMNAME_277,1A434D8BDDEDB72A,Metronome
ITEMNAME_278,1A43408BDDEDA113,Iron Ball
ITEMNAME_279,1A433F8BDDED9F60,Lagging Tail
ITEMNAME_280,1A61BE8BDE0774BC,Destiny Knot
ITEMNAME_281,1A61BF8BDE07766F,Black Sludge
ITEMNAME_282,1A61C08BDE077822,Icy Rock
ITEMNAME_283,1A61C18BDE0779D5,Smooth Rock
ITEMNAME_284,1A61BA8BDE076DF0,Heat Rock
ITEMNAME_285,1A61BB8BDE076FA3,Damp Rock
ITEMNAME_286,1A61BC8BDE077156,Grip Claw
ITEMNAME_287,1A61BD8BDE077309,Choice Scarf
ITEMNAME_288,1A61C68BDE078254,Sticky Barb
ITEMNAME_289,1A61C78BDE078407,Power Bracer
ITEMNAME_290,1A65448BDE0A8E45,Power Belt
ITEMNAME_291,1A65438BDE0A8C92,Power Lens
ITEMNAME_292,1A65428BDE0A8ADF,Power Band
ITEMNAME_293,1A65418BDE0A892C,Power Anklet
ITEMNAME_294,1A65408BDE0A8779,Power Weight
ITEMNAME_295,1A653F8BDE0A85C6,Shed Shell
ITEMNAME_296,1A653E8BDE0A8413,Big Root
ITEMNAME_297,1A653D8BDE0A8260,Choice Specs
ITEMNAME_298,1A654C8BDE0A9BDD,Flame Plate
ITEMNAME_299,1A654B8BDE0A9A2A,Splash Plate
ITEMNAME_300,235CE98BE334F59F,Zap Plate
ITEMNAME_301,235CE88BE334F3EC,Meadow Plate
ITEMNAME_302,235CEB8BE334F905,Icicle Plate
ITEMNAME_303,235CEA8BE334F752,Fist Plate
ITEMNAME_304,235CE58BE334EED3,Toxic Plate
ITEMNAME_305,235CE48BE334ED20,Earth Plate
ITEMNAME_306,235CE78BE334F239,Sky Plate
ITEMNAME_307,235CE68BE334F086,Mind Plate
ITEMNAME_308,235CF18BE3350337,Insect Plate
ITEMNAME_309,235CF08BE3350184,Stone Plate
ITEMNAME_310,2359638BE331DC16,Spooky Plate
ITEMNAME_311,2359648BE331DDC9,Draco Plate
ITEMNAME_312,2359618BE331D8B0,Dread Plate
ITEMNAME_313,2359628BE331DA63,Iron Plate
ITEMNAME_314,2359678BE331E2E2,Odd Incense
ITEMNAME_315,2359688BE331E495,Rock Incense
ITEMNAME_316,2359658BE331DF7C,Full Incense
ITEMNAME_317,2359668BE331E12F,Wave Incense
ITEMNAME_318,23596B8BE331E9AE,Rose Incense
ITEMNAME_319,23596C8BE331EB61,Luck Incense
ITEMNAME_320,2355FD8BE32EF8ED,Pure Incense
ITEMNAME_321,2355FC8BE32EF73A,Protector
ITEMNAME_322,2355FB8BE32EF587,Electirizer
ITEMNAME_323,2355FA8BE32EF3D4,Magmarizer
ITEMNAME_324,2355F98BE32EF221,Dubious Disc
ITEMNAME_325,2355F88BE32EF06E,Reaper Cloth
ITEMNAME_326,2355F78BE32EEEBB,Razor Claw
ITEMNAME_327,2355F68BE32EED08,Razor Fang
ITEMNAME_328,2355F58BE32EEB55,TM001
ITEMNAME_329,2355F48BE32EE9A2,TM002
ITEMNAME_330,2352778BE32BDF64,TM003
ITEMNAME_331,2352788BE32BE117,TM004
ITEMNAME_332,2352798BE32BE2CA,TM005
ITEMNAME_333,23527A8BE32BE47D,TM006
ITEMNAME_334,2352738BE32BD898,TM007
ITEMNAME_335,2352748BE32BDA4B,TM008
ITEMNAME_336,2352758BE32BDBFE,TM009
ITEMNAME_337,2352768BE32BDDB1,TM010
ITEMNAME_338,23526F8BE32BD1CC,TM011
ITEMNAME_339,2352708BE32BD37F,TM012
ITEMNAME_340,234F718BE3299F5B,TM013
ITEMNAME_341,234F708BE3299DA8,TM014
ITEMNAME_342,234F738BE329A2C1,TM015
ITEMNAME_343,234F728BE329A10E,TM016
ITEMNAME_344,234F758BE329A627,TM017
ITEMNAME_345,234F748BE329A474,TM018
ITEMNAME_346,234F778BE329A98D,TM019
ITEMNAME_347,234F768BE329A7DA,TM020
ITEMNAME_348,234F698BE32991C3,TM021
ITEMNAME_349,234F688BE3299010,TM022
ITEMNAME_350,234BEB8BE32685D2,TM023
ITEMNAME_351,234BEC8BE3268785,TM024
ITEMNAME_352,234BE98BE326826C,TM025
ITEMNAME_353,234BEA8BE326841F,TM026
ITEMNAME_354,234BE78BE3267F06,TM027
ITEMNAME_355,234BE88BE32680B9,TM028
ITEMNAME_356,234BE58BE3267BA0,TM029
ITEMNAME_357,234BE68BE3267D53,TM030
ITEMNAME_358,234BF38BE326936A,TM031
ITEMNAME_359,234BF48BE326951D,TM032
ITEMNAME_360,2348658BE3236C49,TM033
ITEMNAME_361,2348648BE3236A96,TM034
ITEMNAME_362,2348638BE32368E3,TM035
ITEMNAME_363,2348628BE3236730,TM036
ITEMNAME_364,2348698BE3237315,TM037
ITEMNAME_365,2348688BE3237162,TM038
ITEMNAME_366,2348678BE3236FAF,TM039
ITEMNAME_367,2348668BE3236DFC,TM040
ITEMNAME_368,23486D8BE32379E1,TM041
ITEMNAME_369,23486C8BE323782E,TM042
ITEMNAME_370,2344DF8BE32052C0,TM043
ITEMNAME_371,2344E08BE3205473,TM044
ITEMNAME_372,2344E18BE3205626,TM045
ITEMNAME_373,2344E28BE32057D9,TM046
ITEMNAME_374,2344E38BE320598C,TM047
ITEMNAME_375,2344E48BE3205B3F,TM048
ITEMNAME_376,2344E58BE3205CF2,TM049
ITEMNAME_377,2344E68BE3205EA5,TM050
ITEMNAME_378,2344E78BE3206058,TM051
ITEMNAME_379,2344E88BE320620B,TM052
ITEMNAME_380,2377F98BE34BD887,TM053
ITEMNAME_381,2377F88BE34BD6D4,TM054
ITEMNAME_382,2377FB8BE34BDBED,TM055
ITEMNAME_383,2377FA8BE34BDA3A,TM056
ITEMNAME_384,2377F58BE34BD1BB,TM057
ITEMNAME_385,2377F48BE34BD008,TM058
ITEMNAME_386,2377F78BE34BD521,TM059
ITEMNAME_387,2377F68BE34BD36E,TM060
ITEMNAME_388,2377F18BE34BCAEF,TM061
ITEMNAME_389,2377F08BE34BC93C,TM062
ITEMNAME_390,2374738BE348BEFE,TM063
ITEMNAME_391,2374748BE348C0B1,TM064
ITEMNAME_392,2374718BE348BB98,TM065
ITEMNAME_393,2374728BE348BD4B,TM066
ITEMNAME_394,2374778BE348C5CA,TM067
ITEMNAME_395,2374788BE348C77D,TM068
ITEMNAME_396,2374758BE348C264,TM069
ITEMNAME_397,2374768BE348C417,TM070
ITEMNAME_398,23746B8BE348B166,TM071
ITEMNAME_399,23746C8BE348B319,TM072
ITEMNAME_400,A39F88BD535C3DE,TM073
ITEMNAME_401,A39F98BD535C591,TM074
ITEMNAME_402,A39F68BD535C078,TM075
ITEMNAME_403,A39F78BD535C22B,TM076
ITEMNAME_404,A39FC8BD535CAAA,TM077
ITEMNAME_405,A39FD8BD535CC5D,TM078
ITEMNAME_406,A39FA8BD535C744,TM079
ITEMNAME_407,A39FB8BD535C8F7,TM080
ITEMNAME_408,A39F08BD535B646,TM081
ITEMNAME_409,A39F18BD535B7F9,TM082
ITEMNAME_410,A3D7E8BD538DD67,TM083
ITEMNAME_411,A3D7D8BD538DBB4,TM084
ITEMNAME_412,A3D808BD538E0CD,TM085
ITEMNAME_413,A3D7F8BD538DF1A,TM086
ITEMNAME_414,A3D7A8BD538D69B,TM087
ITEMNAME_415,A3D798BD538D4E8,TM088
ITEMNAME_416,A3D7C8BD538DA01,TM089
ITEMNAME_417,A3D7B8BD538D84E,TM090
ITEMNAME_418,A3D768BD538CFCF,TM091
ITEMNAME_419,A3D758BD538CE1C,TM092
ITEMNAME_420,A32EC8BD52F90CC,HM01
ITEMNAME_421,A32ED8BD52F927F,HM02
ITEMNAME_422,A32EE8BD52F9432,HM03
ITEMNAME_423,A32EF8BD52F95E5,HM04
ITEMNAME_424,A32E88BD52F8A00,HM05
ITEMNAME_425,A32E98BD52F8BB3,HM06
ITEMNAME_426,A32EA8BD52F8D66,???
ITEMNAME_427,A32EB8BD52F8F19,???
ITEMNAME_428,A32F48BD52F9E64,Explorer Kit
ITEMNAME_429,A32F58BD52FA017,Loot Sack
ITEMNAME_430,A36728BD532AA55,Rule Book
ITEMNAME_431,A36718BD532A8A2,Poké Radar
ITEMNAME_432,A36708BD532A6EF,Point Card
ITEMNAME_433,A366F8BD532A53C,Guidebook
ITEMNAME_434,A366E8BD532A389,Sticker Case
ITEMNAME_435,A366D8BD532A1D6,Fashion Case
ITEMNAME_436,A366C8BD532A023,Sticker Bag
ITEMNAME_437,A366B8BD5329E70,Pal Pad
ITEMNAME_438,A367A8BD532B7ED,Works Key
ITEMNAME_439,A36798BD532B63A,Old Charm
ITEMNAME_440,A2C808BD52A6D9A,Galactic Key
ITEMNAME_441,A2C818BD52A6F4D,Red Chain
ITEMNAME_442,A2C7E8BD52A6A34,Town Map
ITEMNAME_443,A2C7F8BD52A6BE7,Vs. Seeker
ITEMNAME_444,A2C7C8BD52A66CE,Coin Case
ITEMNAME_445,A2C7D8BD52A6881,Old Rod
ITEMNAME_446,A2C7A8BD52A6368,Good Rod
ITEMNAME_447,A2C7B8BD52A651B,Super Rod
ITEMNAME_448,A2C788BD52A6002,Sprayduck
ITEMNAME_449,A2C798BD52A61B5,Poffin Case
ITEMNAME_450,A2FE68BD52D50C3,Bike
ITEMNAME_451,A2FE58BD52D4F10,Suite Key
ITEMNAME_452,A2FE88BD52D5429,Oak’s Letter
ITEMNAME_453,A2FE78BD52D5276,Lunar Feather
ITEMNAME_454,A2FEA8BD52D578F,Member Card
ITEMNAME_455,A2FE98BD52D55DC,Azure Flute
ITEMNAME_456,A2FEC8BD52D5AF5,S.S. Ticket
ITEMNAME_457,A2FEB8BD52D5942,Contest Pass
ITEMNAME_458,A2FEE8BD52D5E5B,Magma Stone
ITEMNAME_459,A2FED8BD52D5CA8,Parcel
ITEMNAME_460,A25748BD5243A88,Coupon 1
ITEMNAME_461,A25758BD5243C3B,Coupon 2
ITEMNAME_462,A25768BD5243DEE,Coupon 3
ITEMNAME_463,A25778BD5243FA1,Storage Key
ITEMNAME_464,A25788BD5244154,Secret Medicine
ITEMNAME_465,A25798BD5244307,Vs. Recorder
ITEMNAME_466,A257A8BD52444BA,Gracidea
ITEMNAME_467,A257B8BD524466D,Secret Key
ITEMNAME_468,A256C8BD5242CF0,Apricorn Box
ITEMNAME_469,A256D8BD5242EA3,Unown Report
ITEMNAME_470,A28FA8BD5275411,Berry Pots
ITEMNAME_471,A28F98BD527525E,Dowsing Machine
ITEMNAME_472,A28F88BD52750AB,Blue Card
ITEMNAME_473,A28F78BD5274EF8,Slowpoke Tail
ITEMNAME_474,A28FE8BD5275ADD,Clear Bell
ITEMNAME_475,A28FD8BD527592A,Card Key
ITEMNAME_476,A28FC8BD5275777,Basement Key
ITEMNAME_477,A28FB8BD52755C4,Squirt Bottle
ITEMNAME_478,A28F28BD5274679,Red Scale
ITEMNAME_479,A28F18BD52744C6,Lost Item
ITEMNAME_480,A1EE88BD51EE0F6,Pass
ITEMNAME_481,A1EE98BD51EE2A9,Machine Part
ITEMNAME_482,A1EE68BD51EDD90,Silver Feather
ITEMNAME_483,A1EE78BD51EDF43,Rainbow Feather
ITEMNAME_484,A1EEC8BD51EE7C2,Mystery Egg
ITEMNAME_485,A1EED8BD51EE975,Red Apricorn
ITEMNAME_486,A1EEA8BD51EE45C,Blue Apricorn
ITEMNAME_487,A1EEB8BD51EE60F,Yellow Apricorn
ITEMNAME_488,A1EF08BD51EEE8E,Green Apricorn
ITEMNAME_489,A1EF18BD51EF041,Pink Apricorn
ITEMNAME_490,A21EE8BD52120FF,White Apricorn
ITEMNAME_491,A21ED8BD5211F4C,Black Apricorn
ITEMNAME_492,A21F08BD5212465,Fast Ball
ITEMNAME_493,A21EF8BD52122B2,Level Ball
ITEMNAME_494,A21EA8BD5211A33,Lure Ball
ITEMNAME_495,A21E98BD5211880,Heavy Ball
ITEMNAME_496,A21EC8BD5211D99,Love Ball
ITEMNAME_497,A21EB8BD5211BE6,Friend Ball
ITEMNAME_498,A21F68BD5212E97,Moon Ball
ITEMNAME_499,A21F58BD5212CE4,Sport Ball
ITEMNAME_500,12E3938BDA1DF8E9,Park Ball
ITEMNAME_501,12E3928BDA1DF736,Photo Album
ITEMNAME_502,12E3918BDA1DF583,GB Sounds
ITEMNAME_503,12E3908BDA1DF3D0,Tidal Bell
ITEMNAME_504,12E3978BDA1DFFB5,Rage Candy Bar
ITEMNAME_505,12E3968BDA1DFE02,Data Card 01
ITEMNAME_506,12E3958BDA1DFC4F,Data Card 02
ITEMNAME_507,12E3948BDA1DFA9C,Data Card 03
ITEMNAME_508,12E39B8BDA1E0681,Data Card 04
ITEMNAME_509,12E39A8BDA1E04CE,Data Card 05
ITEMNAME_510,12E00D8BDA1ADF60,Data Card 06
ITEMNAME_511,12E00E8BDA1AE113,Data Card 07
ITEMNAME_512,12E00F8BDA1AE2C6,Data Card 08
ITEMNAME_513,12E0108BDA1AE479,Data Card 09
ITEMNAME_514,12E0118BDA1AE62C,Data Card 10
ITEMNAME_515,12E0128BDA1AE7DF,Data Card 11
ITEMNAME_516,12E0138BDA1AE992,Data Card 12
ITEMNAME_517,12E0148BDA1AEB45,Data Card 13
ITEMNAME_518,12E0158BDA1AECF8,Data Card 14
ITEMNAME_519,12E0168BDA1AEEAB,Data Card 15
ITEMNAME_520,12EA1F8BDA23527B,Data Card 16
ITEMNAME_521,12EA1E8BDA2350C8,Data Card 17
ITEMNAME_522,12EA218BDA2355E1,Data Card 18
ITEMNAME_523,12EA208BDA23542E,Data Card 19
ITEMNAME_524,12EA238BDA235947,Data Card 20
ITEMNAME_525,12EA228BDA235794,Data Card 21
ITEMNAME_526,12EA258BDA235CAD,Data Card 22
ITEMNAME_527,12EA248BDA235AFA,Data Card 23
ITEMNAME_528,12EA178BDA2344E3,Data Card 24
ITEMNAME_529,12EA168BDA234330,Data Card 25
ITEMNAME_530,12E6998BDA2038F2,Data Card 26
ITEMNAME_531,12E69A8BDA203AA5,Data Card 27
ITEMNAME_532,12E6978BDA20358C,Jade Orb
ITEMNAME_533,12E6988BDA20373F,Lock Capsule
ITEMNAME_534,12E6958BDA203226,Red Orb
ITEMNAME_535,12E6968BDA2033D9,Blue Orb
ITEMNAME_536,12E6938BDA202EC0,Enigma Stone
ITEMNAME_537,12E6948BDA203073,Prism Scale
ITEMNAME_538,12E6A18BDA20468A,Eviolite
ITEMNAME_539,12E6A28BDA20483D,Float Stone
ITEMNAME_540,12F12B8BDA29858D,Rocky Helmet
ITEMNAME_541,12F12A8BDA2983DA,Air Balloon
ITEMNAME_542,12F1298BDA298227,Red Card
ITEMNAME_543,12F1288BDA298074,Ring Target
ITEMNAME_544,12F1278BDA297EC1,Binding Band
ITEMNAME_545,12F1268BDA297D0E,Absorb Bulb
ITEMNAME_546,12F1258BDA297B5B,Cell Battery
ITEMNAME_547,12F1248BDA2979A8,Eject Button
ITEMNAME_548,12F1238BDA2977F5,Fire Gem
ITEMNAME_549,12F1228BDA297642,Water Gem
ITEMNAME_550,12EDA58BDA266C04,Electric Gem
ITEMNAME_551,12EDA68BDA266DB7,Grass Gem
ITEMNAME_552,12EDA78BDA266F6A,Ice Gem
ITEMNAME_553,12EDA88BDA26711D,Fighting Gem
ITEMNAME_554,12EDA18BDA266538,Poison Gem
ITEMNAME_555,12EDA28BDA2666EB,Ground Gem
ITEMNAME_556,12EDA38BDA26689E,Flying Gem
ITEMNAME_557,12EDA48BDA266A51,Psychic Gem
ITEMNAME_558,12ED9D8BDA265E6C,Bug Gem
ITEMNAME_559,12ED9E8BDA26601F,Rock Gem
ITEMNAME_560,12F7978BDA2EA8BF,Ghost Gem
ITEMNAME_561,12F7968BDA2EA70C,Dragon Gem
ITEMNAME_562,12F7998BDA2EAC25,Dark Gem
ITEMNAME_563,12F7988BDA2EAA72,Steel Gem
ITEMNAME_564,12F7938BDA2EA1F3,Normal Gem
ITEMNAME_565,12F7928BDA2EA040,Health Feather
ITEMNAME_566,12F7958BDA2EA559,Muscle Feather
ITEMNAME_567,12F7948BDA2EA3A6,Resist Feather
ITEMNAME_568,12F79F8BDA2EB657,Genius Feather
ITEMNAME_569,12F79E8BDA2EB4A4,Clever Feather
ITEMNAME_570,12F4918BDA2C68B6,Swift Feather
ITEMNAME_571,12F4928BDA2C6A69,Pretty Feather
ITEMNAME_572,12F48F8BDA2C6550,Cover Fossil
ITEMNAME_573,12F4908BDA2C6703,Plume Fossil
ITEMNAME_574,12F4958BDA2C6F82,Liberty Pass
ITEMNAME_575,12F4968BDA2C7135,Pass Orb
ITEMNAME_576,12F4938BDA2C6C1C,Dream Ball
ITEMNAME_577,12F4948BDA2C6DCF,Poké Toy
ITEMNAME_578,12F4998BDA2C764E,Prop Case
ITEMNAME_579,12F49A8BDA2C7801,Dragon Skull
ITEMNAME_580,12FEA38BDA34DBD1,Balm Mushroom
ITEMNAME_581,12FEA28BDA34DA1E,Big Nugget
ITEMNAME_582,12FEA18BDA34D86B,Pearl String
ITEMNAME_583,12FEA08BDA34D6B8,Comet Shard
ITEMNAME_584,12FEA78BDA34E29D,Relic Copper
ITEMNAME_585,12FEA68BDA34E0EA,Relic Silver
ITEMNAME_586,12FEA58BDA34DF37,Relic Gold
ITEMNAME_587,12FEA48BDA34DD84,Relic Vase
ITEMNAME_588,12FE9B8BDA34CE39,Relic Band
ITEMNAME_589,12FE9A8BDA34CC86,Relic Statue
ITEMNAME_590,12FB1D8BDA31C248,Relic Crown
ITEMNAME_591,12FB1E8BDA31C3FB,Casteliacone
ITEMNAME_592,12FB1F8BDA31C5AE,Dire Hit 2
ITEMNAME_593,12FB208BDA31C761,X Speed 2
ITEMNAME_594,12FB218BDA31C914,X Sp. Atk 2
ITEMNAME_595,12FB228BDA31CAC7,X Sp. Def 2
ITEMNAME_596,12FB238BDA31CC7A,X Defense 2
ITEMNAME_597,12FB248BDA31CE2D,X Attack 2
ITEMNAME_598,12FB158BDA31B4B0,X Accuracy 2
ITEMNAME_599,12FB168BDA31B663,X Speed 3
ITEMNAME_600,F80DA28BCAAD32A8,X Sp. Atk 3
ITEMNAME_601,F80DA38BCAAD345B,X Sp. Def 3
ITEMNAME_602,F80DA48BCAAD360E,X Defense 3
ITEMNAME_603,F80DA58BCAAD37C1,X Attack 3
ITEMNAME_604,F80DA68BCAAD3974,X Accuracy 3
ITEMNAME_605,F80DA78BCAAD3B27,X Speed 6
ITEMNAME_606,F80DA88BCAAD3CDA,X Sp. Atk 6
ITEMNAME_607,F80DA98BCAAD3E8D,X Sp. Def 6
ITEMNAME_608,F80D9A8BCAAD2510,X Defense 6
ITEMNAME_609,F80D9B8BCAAD26C3,X Attack 6
ITEMNAME_610,F810A88BCAAF72B1,X Accuracy 6
ITEMNAME_611,F810A78BCAAF70FE,Ability Urge
ITEMNAME_612,F810A68BCAAF6F4B,Item Drop
ITEMNAME_613,F810A58BCAAF6D98,Item Urge
ITEMNAME_614,F810AC8BCAAF797D,Reset Urge
ITEMNAME_615,F810AB8BCAAF77CA,Dire Hit 3
ITEMNAME_616,F810AA8BCAAF7617,Light Stone
ITEMNAME_617,F810A98BCAAF7464,Dark Stone
ITEMNAME_618,F810A08BCAAF6519,TM093
ITEMNAME_619,F8109F8BCAAF6366,TM094
ITEMNAME_620,F8142E8BCAB28C3A,TM095
ITEMNAME_621,F8142F8BCAB28DED,Xtransceiver
ITEMNAME_622,F8142C8BCAB288D4,???
ITEMNAME_623,F8142D8BCAB28A87,Gram 1
ITEMNAME_624,F8142A8BCAB2856E,Gram 2
ITEMNAME_625,F8142B8BCAB28721,Gram 3
ITEMNAME_626,F814288BCAB28208,Xtransceiver
ITEMNAME_627,F814298BCAB283BB,Medal Box
ITEMNAME_628,F814268BCAB27EA2,DNA Splicers
ITEMNAME_629,F814278BCAB28055,DNA Splicers
ITEMNAME_630,F817948BCAB56F63,Permit
ITEMNAME_631,F817938BCAB56DB0,Oval Charm
ITEMNAME_632,F817968BCAB572C9,Shiny Charm
ITEMNAME_633,F817958BCAB57116,Plasma Card
ITEMNAME_634,F817988BCAB5762F,Grubby Hanky
ITEMNAME_635,F817978BCAB5747C,Colress Machine
ITEMNAME_636,F8179A8BCAB57995,Dropped Item
ITEMNAME_637,F817998BCAB577E2,Dropped Item
ITEMNAME_638,F8179C8BCAB57CFB,Reveal Glass
ITEMNAME_639,F8179B8BCAB57B48,Weakness Policy
ITEMNAME_640,F81B1A8BCAB888EC,Assault Vest
ITEMNAME_641,F81B1B8BCAB88A9F,Holo Caster
ITEMNAME_642,F81B1C8BCAB88C52,Prof’s Letter
ITEMNAME_643,F81B1D8BCAB88E05,Roller Skates
ITEMNAME_644,F81B168BCAB88220,Pixie Plate
ITEMNAME_645,F81B178BCAB883D3,Ability Capsule
ITEMNAME_646,F81B188BCAB88586,Whipped Dream
ITEMNAME_647,F81B198BCAB88739,Sachet
ITEMNAME_648,F81B228BCAB89684,Luminous Moss
ITEMNAME_649,F81B238BCAB89837,Snowball
ITEMNAME_650,F81EA08BCABBA275,Safety Goggles
ITEMNAME_651,F81E9F8BCABBA0C2,Poké Flute
ITEMNAME_652,F81E9E8BCABB9F0F,Rich Mulch
ITEMNAME_653,F81E9D8BCABB9D5C,Surprise Mulch
ITEMNAME_654,F81E9C8BCABB9BA9,Boost Mulch
ITEMNAME_655,F81E9B8BCABB99F6,Amaze Mulch
ITEMNAME_656,F81E9A8BCABB9843,Gengarite
ITEMNAME_657,F81E998BCABB9690,Gardevoirite
ITEMNAME_658,F81EA88BCABBB00D,Ampharosite
ITEMNAME_659,F81EA78BCABBAE5A,Venusaurite
ITEMNAME_660,F821A68BCABDE27E,Charizardite X
ITEMNAME_661,F821A78BCABDE431,Blastoisinite
ITEMNAME_662,F821A48BCABDDF18,Mewtwonite X
ITEMNAME_663,F821A58BCABDE0CB,Mewtwonite Y
ITEMNAME_664,F821AA8BCABDE94A,Blazikenite
ITEMNAME_665,F821AB8BCABDEAFD,Medichamite
ITEMNAME_666,F821A88BCABDE5E4,Houndoominite
ITEMNAME_667,F821A98BCABDE797,Aggronite
ITEMNAME_668,F8219E8BCABDD4E6,Banettite
ITEMNAME_669,F8219F8BCABDD699,Tyranitarite
ITEMNAME_670,F8252C8BCAC0FC07,Scizorite
ITEMNAME_671,F8252B8BCAC0FA54,Pinsirite
ITEMNAME_672,F8252E8BCAC0FF6D,Aerodactylite
ITEMNAME_673,F8252D8BCAC0FDBA,Lucarionite
ITEMNAME_674,F825288BCAC0F53B,Abomasite
ITEMNAME_675,F825278BCAC0F388,Kangaskhanite
ITEMNAME_676,F8252A8BCAC0F8A1,Gyaradosite
ITEMNAME_677,F825298BCAC0F6EE,Absolite
ITEMNAME_678,F825248BCAC0EE6F,Charizardite Y
ITEMNAME_679,F825238BCAC0ECBC,Alakazite
ITEMNAME_680,F7F2128BCA957640,Heracronite
ITEMNAME_681,F7F2138BCA9577F3,Mawilite
ITEMNAME_682,F7F2148BCA9579A6,Manectite
ITEMNAME_683,F7F2158BCA957B59,Garchompite
ITEMNAME_684,F7F2168BCA957D0C,Latiasite
ITEMNAME_685,F7F2178BCA957EBF,Latiosite
ITEMNAME_686,F7F2188BCA958072,Roseli Berry
ITEMNAME_687,F7F2198BCA958225,Kee Berry
ITEMNAME_688,F7F21A8BCA9583D8,Maranga Berry
ITEMNAME_689,F7F21B8BCA95858B,Sprinklotad
ITEMNAME_690,F7F5988BCA988FC9,TM096
ITEMNAME_691,F7F5978BCA988E16,TM097
ITEMNAME_692,F7F5968BCA988C63,TM098
ITEMNAME_693,F7F5958BCA988AB0,TM099
ITEMNAME_694,F7F59C8BCA989695,TM100
ITEMNAME_695,F7F59B8BCA9894E2,Power Plant Pass
ITEMNAME_696,F7F59A8BCA98932F,Mega Ring
ITEMNAME_697,F7F5998BCA98917C,Intriguing Stone
ITEMNAME_698,F7F5A08BCA989D61,Common Stone
ITEMNAME_699,F7F59F8BCA989BAE,Discount Coupon
ITEMNAME_700,123BD8BCFF16013,Elevator Key
ITEMNAME_701,123BC8BCFF15E60,TMV Pass
ITEMNAME_702,123BF8BCFF16379,Honor of Kalos
ITEMNAME_703,123BE8BCFF161C6,Adventure Guide
ITEMNAME_704,123C18BCFF166DF,Strange Souvenir
ITEMNAME_705,123C08BCFF1652C,Lens Case
ITEMNAME_706,123C38BCFF16A45,Makeup Bag
ITEMNAME_707,123C28BCFF16892,Travel Trunk
ITEMNAME_708,123C58BCFF16DAB,Lumiose Galette
ITEMNAME_709,123C48BCFF16BF8,Shalour Sable
ITEMNAME_710,120578BCFEE7CEA,Jaw Fossil
ITEMNAME_711,120588BCFEE7E9D,Sail Fossil
ITEMNAME_712,120558BCFEE7984,Looker Ticket
ITEMNAME_713,120568BCFEE7B37,Bike
ITEMNAME_714,120538BCFEE761E,Holo Caster
ITEMNAME_715,120548BCFEE77D1,Fairy Gem
ITEMNAME_716,120518BCFEE72B8,Mega Charm
ITEMNAME_717,120528BCFEE746B,Mega Glove
ITEMNAME_718,1204F8BCFEE6F52,Mach Bike
ITEMNAME_719,120508BCFEE7105,Acro Bike
ITEMNAME_720,11CD18BCFEB6361,Wailmer Pail
ITEMNAME_721,11CD08BCFEB61AE,Devon Parts
ITEMNAME_722,11CCF8BCFEB5FFB,Soot Sack
ITEMNAME_723,11CCE8BCFEB5E48,Basement Key
ITEMNAME_724,11CD58BCFEB6A2D,Pokéblock Kit
ITEMNAME_725,11CD48BCFEB687A,Letter
ITEMNAME_726,11CD38BCFEB66C7,Eon Ticket
ITEMNAME_727,11CD28BCFEB6514,Scanner
ITEMNAME_728,11CC98BCFEB55C9,Go-Goggles
ITEMNAME_729,11CC88BCFEB5416,Meteorite
ITEMNAME_730,1194B8BCFE849D8,Key to Room 1
ITEMNAME_731,1194C8BCFE84B8B,Key to Room 2
ITEMNAME_732,1194D8BCFE84D3E,Key to Room 4
ITEMNAME_733,1194E8BCFE84EF1,Key to Room 6
ITEMNAME_734,1194F8BCFE850A4,Storage Key
ITEMNAME_735,119508BCFE85257,Devon Scope
ITEMNAME_736,119518BCFE8540A,S.S. Ticket
ITEMNAME_737,119528BCFE855BD,HM07
ITEMNAME_738,119438BCFE83C40,Devon Scuba Gear
ITEMNAME_739,119448BCFE83DF3,Contest Costume
ITEMNAME_740,131558BCFFCECB7,Contest Costume
ITEMNAME_741,131548BCFFCEB04,Magma Suit
ITEMNAME_742,131578BCFFCF01D,Aqua Suit
ITEMNAME_743,131568BCFFCEE6A,Pair of Tickets
ITEMNAME_744,131518BCFFCE5EB,Mega Bracelet
ITEMNAME_745,131508BCFFCE438,Mega Pendant
ITEMNAME_746,131538BCFFCE951,Mega Glasses
ITEMNAME_747,131528BCFFCE79E,Mega Anchor
ITEMNAME_748,1314D8BCFFCDF1F,Mega Stickpin
ITEMNAME_749,1314C8BCFFCDD6C,Mega Tiara
ITEMNAME_750,12DCF8BCFF9D32E,Mega Anklet
ITEMNAME_751,12DD08BCFF9D4E1,Meteorite
ITEMNAME_752,12DCD8BCFF9CFC8,Swampertite
ITEMNAME_753,12DCE8BCFF9D17B,Sceptilite
ITEMNAME_754,12DD38BCFF9D9FA,Sablenite
ITEMNAME_755,12DD48BCFF9DBAD,Altarianite
ITEMNAME_756,12DD18BCFF9D694,Galladite
ITEMNAME_757,12DD28BCFF9D847,Audinite
ITEMNAME_758,12DC78BCFF9C596,Metagrossite
ITEMNAME_759,12DC88BCFF9C749,Sharpedonite
ITEMNAME_760,12A498BCFF6B9A5,Slowbronite
ITEMNAME_761,12A488BCFF6B7F2,Steelixite
ITEMNAME_762,12A478BCFF6B63F,Pidgeotite
ITEMNAME_763,12A468BCFF6B48C,Glalitite
ITEMNAME_764,12A458BCFF6B2D9,Diancite
ITEMNAME_765,12A448BCFF6B126,Prison Bottle
ITEMNAME_766,12A438BCFF6AF73,Mega Cuff
ITEMNAME_767,12A428BCFF6ADC0,Cameruptite
ITEMNAME_768,12A518BCFF6C73D,Lopunnite
ITEMNAME_769,12A508BCFF6C58A,Salamencite
ITEMNAME_770,127438BCFF4799C,Beedrillite
ITEMNAME_771,127448BCFF47B4F,Meteorite
ITEMNAME_772,127458BCFF47D02,Meteorite
ITEMNAME_773,127468BCFF47EB5,Key Stone
ITEMNAME_774,1273F8BCFF472D0,Meteorite Shard
ITEMNAME_775,127408BCFF47483,Eon Flute
ITEMNAME_776,127418BCFF47636,Normalium Z
ITEMNAME_777,127428BCFF477E9,Firium Z
ITEMNAME_778,1274B8BCFF48734,Waterium Z
ITEMNAME_779,1274C8BCFF488E7,Electrium Z
ITEMNAME_780,1084D8BCFD9DA0B,Grassium Z
ITEMNAME_781,1084C8BCFD9D858,Icium Z
ITEMNAME_782,1084F8BCFD9DD71,Fightinium Z
ITEMNAME_783,1084E8BCFD9DBBE,Poisonium Z
ITEMNAME_784,108518BCFD9E0D7,Groundium Z
ITEMNAME_785,108508BCFD9DF24,Flyinium Z
ITEMNAME_786,108538BCFD9E43D,Psychium Z
ITEMNAME_787,108528BCFD9E28A,Buginium Z
ITEMNAME_788,108458BCFD9CC73,Rockium Z
ITEMNAME_789,108448BCFD9CAC0,Ghostium Z
ITEMNAME_790,105478BCFD79A02,Dragonium Z
ITEMNAME_791,105488BCFD79BB5,Darkinium Z
ITEMNAME_792,105458BCFD7969C,Steelium Z
ITEMNAME_793,105468BCFD7984F,Fairium Z
ITEMNAME_794,105438BCFD79336,Pikanium Z
ITEMNAME_795,105448BCFD794E9,Bottle Cap
ITEMNAME_796,105418BCFD78FD0,Gold Bottle Cap
ITEMNAME_797,105428BCFD79183,Z-Ring
ITEMNAME_798,1054F8BCFD7A79A,Decidium Z
ITEMNAME_799,105508BCFD7A94D,Incinium Z
ITEMNAME_800,E793CC8BC1955C72,Primarium Z
ITEMNAME_801,E793CD8BC1955E25,Tapunium Z
ITEMNAME_802,E793CA8BC195590C,Marshadium Z
ITEMNAME_803,E793CB8BC1955ABF,Aloraichium Z
ITEMNAME_804,E793C88BC19555A6,Snorlium Z
ITEMNAME_805,E793C98BC1955759,Eevium Z
ITEMNAME_806,E793C68BC1955240,Mewnium Z
ITEMNAME_807,E793C78BC19553F3,Normalium Z
ITEMNAME_808,E793D48BC1956A0A,Firium Z
ITEMNAME_809,E793D58BC1956BBD,Waterium Z
ITEMNAME_810,E797528BC19875FB,Electrium Z
ITEMNAME_811,E797518BC1987448,Grassium Z
ITEMNAME_812,E797548BC1987961,Icium Z
ITEMNAME_813,E797538BC19877AE,Fightinium Z
ITEMNAME_814,E797568BC1987CC7,Poisonium Z
ITEMNAME_815,E797558BC1987B14,Groundium Z
ITEMNAME_816,E797588BC198802D,Flyinium Z
ITEMNAME_817,E797578BC1987E7A,Psychium Z
ITEMNAME_818,E7974A8BC1986863,Buginium Z
ITEMNAME_819,E797498BC19866B0,Rockium Z
ITEMNAME_820,E78D408BC19002E0,Ghostium Z
ITEMNAME_821,E78D418BC1900493,Dragonium Z
ITEMNAME_822,E78D428BC1900646,Darkinium Z
ITEMNAME_823,E78D438BC19007F9,Steelium Z
ITEMNAME_824,E78D448BC19009AC,Fairium Z
ITEMNAME_825,E78D458BC1900B5F,Pikanium Z
ITEMNAME_826,E78D468BC1900D12,Decidium Z
ITEMNAME_827,E78D478BC1900EC5,Incinium Z
ITEMNAME_828,E78D488BC1901078,Primarium Z
ITEMNAME_829,E78D498BC190122B,Tapunium Z
ITEMNAME_830,E790C68BC1931C69,Marshadium Z
ITEMNAME_831,E790C58BC1931AB6,Aloraichium Z
ITEMNAME_832,E790C48BC1931903,Snorlium Z
ITEMNAME_833,E790C38BC1931750,Eevium Z
ITEMNAME_834,E790CA8BC1932335,Mewnium Z
ITEMNAME_835,E790C98BC1932182,Pikashunium Z
ITEMNAME_836,E790C88BC1931FCF,Pikashunium Z
ITEMNAME_837,E790C78BC1931E1C,???
ITEMNAME_838,E790CE8BC1932A01,???
ITEMNAME_839,E790CD8BC193284E,???
ITEMNAME_840,E7A1C48BC1A18C36,???
ITEMNAME_841,E7A1C58BC1A18DE9,Forage Bag
ITEMNAME_842,E7A1C28BC1A188D0,Fishing Rod
ITEMNAME_843,E7A1C38BC1A18A83,Professor’s Mask
ITEMNAME_844,E7A1C88BC1A19302,Festival Ticket
ITEMNAME_845,E7A1C98BC1A194B5,Sparkling Stone
ITEMNAME_846,E7A1C68BC1A18F9C,Adrenaline Orb
ITEMNAME_847,E7A1C78BC1A1914F,Zygarde Cube
ITEMNAME_848,E7A1CC8BC1A199CE,???
ITEMNAME_849,E7A1CD8BC1A19B81,Ice Stone
ITEMNAME_850,E7A4CA8BC1A3CC3F,Ride Pager
ITEMNAME_851,E7A4C98BC1A3CA8C,Beast Ball
ITEMNAME_852,E7A4CC8BC1A3CFA5,Big Malasada
ITEMNAME_853,E7A4CB8BC1A3CDF2,Red Nectar
ITEMNAME_854,E7A4C68BC1A3C573,Yellow Nectar
ITEMNAME_855,E7A4C58BC1A3C3C0,Pink Nectar
ITEMNAME_856,E7A4C88BC1A3C8D9,Purple Nectar
ITEMNAME_857,E7A4C78BC1A3C726,Sun Flute
ITEMNAME_858,E7A4D28BC1A3D9D7,Moon Flute
ITEMNAME_859,E7A4D18BC1A3D824,???
ITEMNAME_860,E79AD88BC19B8F84,Enigmatic Card
ITEMNAME_861,E79AD98BC19B9137,Silver Razz Berry
ITEMNAME_862,E79ADA8BC19B92EA,Golden Razz Berry
ITEMNAME_863,E79ADB8BC19B949D,Silver Nanab Berry
ITEMNAME_864,E79AD48BC19B88B8,Golden Nanab Berry
ITEMNAME_865,E79AD58BC19B8A6B,Silver Pinap Berry
ITEMNAME_866,E79AD68BC19B8C1E,Golden Pinap Berry
ITEMNAME_867,E79AD78BC19B8DD1,???
ITEMNAME_868,E79AD08BC19B81EC,???
ITEMNAME_869,E79AD18BC19B839F,???
ITEMNAME_870,E79E5E8BC19EA90D,???
ITEMNAME_871,E79E5D8BC19EA75A,???
ITEMNAME_872,E79E5C8BC19EA5A7,Secret Key
ITEMNAME_873,E79E5B8BC19EA3F4,S.S. Ticket
ITEMNAME_874,E79E5A8BC19EA241,Silph Scope
ITEMNAME_875,E79E598BC19EA08E,Parcel
ITEMNAME_876,E79E588BC19E9EDB,Card Key
ITEMNAME_877,E79E578BC19E9D28,Gold Teeth
ITEMNAME_878,E79E568BC19E9B75,Lift Key
ITEMNAME_879,E79E558BC19E99C2,Terrain Extender
ITEMNAME_880,E7AF5C8BC1AD18DA,Protective Pads
ITEMNAME_881,E7AF5D8BC1AD1A8D,Electric Seed
ITEMNAME_882,E7AF5A8BC1AD1574,Psychic Seed
ITEMNAME_883,E7AF5B8BC1AD1727,Misty Seed
ITEMNAME_884,E7AF588BC1AD120E,Grassy Seed
ITEMNAME_885,E7AF598BC1AD13C1,Stretchy Spring
ITEMNAME_886,E7AF568BC1AD0EA8,Chalky Stone
ITEMNAME_887,E7AF578BC1AD105B,Marble
ITEMNAME_888,E7AF548BC1AD0B42,Lone Earring
ITEMNAME_889,E7AF558BC1AD0CF5,Beach Glass
ITEMNAME_890,E7B2C28BC1AFFC03,Gold Leaf
ITEMNAME_891,E7B2C18BC1AFFA50,Silver Leaf
ITEMNAME_892,E7B2C48BC1AFFF69,Polished Mud Ball
ITEMNAME_893,E7B2C38BC1AFFDB6,Tropical Shell
ITEMNAME_894,E7B2C68BC1B002CF,Leaf Letter
ITEMNAME_895,E7B2C58BC1B0011C,Leaf Letter
ITEMNAME_896,E7B2C88BC1B00635,Small Bouquet
ITEMNAME_897,E7B2C78BC1B00482,???
ITEMNAME_898,E7B2CA8BC1B0099B,???
ITEMNAME_899,E7B2C98BC1B007E8,???
ITEMNAME_900,EEF7078BC5682BBD,Lure
ITEMNAME_901,EEF7068BC5682A0A,Super Lure
ITEMNAME_902,EEF7058BC5682857,Max Lure
ITEMNAME_903,EEF7048BC56826A4,Pewter Crunchies
ITEMNAME_904,EEF7038BC56824F1,Fighting Memory
ITEMNAME_905,EEF7028BC568233E,Flying Memory
ITEMNAME_906,EEF7018BC568218B,Poison Memory
ITEMNAME_907,EEF7008BC5681FD8,Ground Memory
ITEMNAME_908,EEF6FF8BC5681E25,Rock Memory
ITEMNAME_909,EEF6FE8BC5681C72,Bug Memory
ITEMNAME_910,EEF4018BC565EBB4,Ghost Memory
ITEMNAME_911,EEF4028BC565ED67,Steel Memory
ITEMNAME_912,EEF4038BC565EF1A,Fire Memory
ITEMNAME_913,EEF4048BC565F0CD,Water Memory
ITEMNAME_914,EEF3FD8BC565E4E8,Grass Memory
ITEMNAME_915,EEF3FE8BC565E69B,Electric Memory
ITEMNAME_916,EEF3FF8BC565E84E,Psychic Memory
ITEMNAME_917,EEF4008BC565EA01,Ice Memory
ITEMNAME_918,EEF3F98BC565DE1C,Dragon Memory
ITEMNAME_919,EEF3FA8BC565DFCF,Dark Memory
ITEMNAME_920,EEFDF38BC56E286F,Fairy Memory
ITEMNAME_921,EEFDF28BC56E26BC,Solganium Z
ITEMNAME_922,EEFDF58BC56E2BD5,Lunalium Z
ITEMNAME_923,EEFDF48BC56E2A22,Ultranecrozium Z
ITEMNAME_924,EEFDEF8BC56E21A3,Mimikium Z
ITEMNAME_925,EEFDEE8BC56E1FF0,Lycanium Z
ITEMNAME_926,EEFDF18BC56E2509,Kommonium Z
ITEMNAME_927,EEFDF08BC56E2356,Solganium Z
ITEMNAME_928,EEFDFB8BC56E3607,Lunalium Z
ITEMNAME_929,EEFDFA8BC56E3454,Ultranecrozium Z
ITEMNAME_930,EEFA6D8BC56B0EE6,Mimikium Z
ITEMNAME_931,EEFA6E8BC56B1099,Lycanium Z
ITEMNAME_932,EEFA6B8BC56B0B80,Kommonium Z
ITEMNAME_933,EEFA6C8BC56B0D33,Z-Power Ring
ITEMNAME_934,EEFA718BC56B15B2,Pink Petal
ITEMNAME_935,EEFA728BC56B1765,Orange Petal
ITEMNAME_936,EEFA6F8BC56B124C,Blue Petal
ITEMNAME_937,EEFA708BC56B13FF,Red Petal
ITEMNAME_938,EEFA758BC56B1C7E,Green Petal
ITEMNAME_939,EEFA768BC56B1E31,Yellow Petal
ITEMNAME_940,EEE96F8BC55C9F19,Purple Petal
ITEMNAME_941,EEE96E8BC55C9D66,Rainbow Flower
ITEMNAME_942,EEE96D8BC55C9BB3,Surge Badge
ITEMNAME_943,EEE96C8BC55C9A00,N-Solarizer
ITEMNAME_944,EEE9738BC55CA5E5,N-Lunarizer
ITEMNAME_945,EEE9728BC55CA432,N-Solarizer
ITEMNAME_946,EEE9718BC55CA27F,N-Lunarizer
ITEMNAME_947,EEE9708BC55CA0CC,Ilima’s Normalium Z
ITEMNAME_948,EEE9778BC55CACB1,Left Poké Ball
ITEMNAME_949,EEE9768BC55CAAFE,Roto Hatch
ITEMNAME_950,EEE6698BC55A5F10,Roto Bargain
ITEMNAME_951,EEE66A8BC55A60C3,Roto Prize Money
ITEMNAME_952,EEE66B8BC55A6276,Roto Exp. Points
ITEMNAME_953,EEE66C8BC55A6429,Roto Friendship
ITEMNAME_954,EEE66D8BC55A65DC,Roto Encounter
ITEMNAME_955,EEE66E8BC55A678F,Roto Stealth
ITEMNAME_956,EEE66F8BC55A6942,Roto HP Restore
ITEMNAME_957,EEE6708BC55A6AF5,Roto PP Restore
ITEMNAME_958,EEE6718BC55A6CA8,Roto Boost
ITEMNAME_959,EEE6728BC55A6E5B,Roto Catch
ITEMNAME_960,EEF07B8BC562D22B,Health Candy
ITEMNAME_961,EEF07A8BC562D078,Mighty Candy
ITEMNAME_962,EEF07D8BC562D591,Tough Candy
ITEMNAME_963,EEF07C8BC562D3DE,Smart Candy
ITEMNAME_964,EEF07F8BC562D8F7,Courage Candy
ITEMNAME_965,EEF07E8BC562D744,Quick Candy
ITEMNAME_966,EEF0818BC562DC5D,Health Candy L
ITEMNAME_967,EEF0808BC562DAAA,Mighty Candy L
ITEMNAME_968,EEF0738BC562C493,Tough Candy L
ITEMNAME_969,EEF0728BC562C2E0,Smart Candy L
ITEMNAME_970,EEECF58BC55FB8A2,Courage Candy L
ITEMNAME_971,EEECF68BC55FBA55,Quick Candy L
ITEMNAME_972,EEECF38BC55FB53C,Health Candy XL
ITEMNAME_973,EEECF48BC55FB6EF,Mighty Candy XL
ITEMNAME_974,EEECF18BC55FB1D6,Tough Candy XL
ITEMNAME_975,EEECF28BC55FB389,Smart Candy XL
ITEMNAME_976,EEECEF8BC55FAE70,Courage Candy XL
ITEMNAME_977,EEECF08BC55FB023,Quick Candy XL
ITEMNAME_978,EEECFD8BC55FC63A,Bulbasaur Candy
ITEMNAME_979,EEECFE8BC55FC7ED,Charmander Candy
ITEMNAME_980,EF12778BC57FB1C5,Squirtle Candy
ITEMNAME_981,EF12768BC57FB012,Caterpie Candy
ITEMNAME_982,EF12758BC57FAE5F,Weedle Candy
ITEMNAME_983,EF12748BC57FACAC,Pidgey Candy
ITEMNAME_984,EF12738BC57FAAF9,Rattata Candy
ITEMNAME_985,EF12728BC57FA946,Spearow Candy
ITEMNAME_986,EF12718BC57FA793,Ekans Candy
ITEMNAME_987,EF12708BC57FA5E0,Pikachu Candy
ITEMNAME_988,EF127F8BC57FBF5D,Sandshrew Candy
ITEMNAME_989,EF127E8BC57FBDAA,Nidoran♀ Candy
ITEMNAME_990,EF0EF18BC57C983C,Nidoran♂ Candy
ITEMNAME_991,EF0EF28BC57C99EF,Clefairy Candy
ITEMNAME_992,EF0EF38BC57C9BA2,Vulpix Candy
ITEMNAME_993,EF0EF48BC57C9D55,Jigglypuff Candy
ITEMNAME_994,EF0EED8BC57C9170,Zubat Candy
ITEMNAME_995,EF0EEE8BC57C9323,Oddish Candy
ITEMNAME_996,EF0EEF8BC57C94D6,Paras Candy
ITEMNAME_997,EF0EF08BC57C9689,Venonat Candy
ITEMNAME_998,EF0EF98BC57CA5D4,Diglett Candy
ITEMNAME_999,EF0EFA8BC57CA787,Meowth Candy
ITEMNAME_1000,B5BDDFC4F90C371F,Psyduck Candy
ITEMNAME_1001,B5BDDEC4F90C356C,Mankey Candy
ITEMNAME_1002,B5BDE1C4F90C3A85,Growlithe Candy
ITEMNAME_1003,B5BDE0C4F90C38D2,Poliwag Candy
ITEMNAME_1004,B5BDDBC4F90C3053,Abra Candy
ITEMNAME_1005,B5BDDAC4F90C2EA0,Machop Candy
ITEMNAME_1006,B5BDDDC4F90C33B9,Bellsprout Candy
ITEMNAME_1007,B5BDDCC4F90C3206,Tentacool Candy
ITEMNAME_1008,B5BDE7C4F90C44B7,Geodude Candy
ITEMNAME_1009,B5BDE6C4F90C4304,Ponyta Candy
ITEMNAME_1010,B5BA59C4F9091D96,Slowpoke Candy
ITEMNAME_1011,B5BA5AC4F9091F49,Magnemite Candy
ITEMNAME_1012,B5BA57C4F9091A30,Farfetch’d Candy
ITEMNAME_1013,B5BA58C4F9091BE3,Doduo Candy
ITEMNAME_1014,B5BA5DC4F9092462,Seel Candy
ITEMNAME_1015,B5BA5EC4F9092615,Grimer Candy
ITEMNAME_1016,B5BA5BC4F90920FC,Shellder Candy
ITEMNAME_1017,B5BA5CC4F90922AF,Gastly Candy
ITEMNAME_1018,B5BA61C4F9092B2E,Onix Candy
ITEMNAME_1019,B5BA62C4F9092CE1,Drowzee Candy
ITEMNAME_1020,B5B6F3C4F9063A6D,Krabby Candy
ITEMNAME_1021,B5B6F2C4F90638BA,Voltorb Candy
ITEMNAME_1022,B5B6F1C4F9063707,Exeggcute Candy
ITEMNAME_1023,B5B6F0C4F9063554,Cubone Candy
ITEMNAME_1024,B5B6EFC4F90633A1,Hitmonlee Candy
ITEMNAME_1025,B5B6EEC4F90631EE,Hitmonchan Candy
ITEMNAME_1026,B5B6EDC4F906303B,Lickitung Candy
ITEMNAME_1027,B5B6ECC4F9062E88,Koffing Candy
ITEMNAME_1028,B5B6EBC4F9062CD5,Rhyhorn Candy
ITEMNAME_1029,B5B6EAC4F9062B22,Chansey Candy
ITEMNAME_1030,B5B36DC4F90320E4,Tangela Candy
ITEMNAME_1031,B5B36EC4F9032297,Kangaskhan Candy
ITEMNAME_1032,B5B36FC4F903244A,Horsea Candy
ITEMNAME_1033,B5B370C4F90325FD,Goldeen Candy
ITEMNAME_1034,B5B369C4F9031A18,Staryu Candy
ITEMNAME_1035,B5B36AC4F9031BCB,Mr. Mime Candy
ITEMNAME_1036,B5B36BC4F9031D7E,Scyther Candy
ITEMNAME_1037,B5B36CC4F9031F31,Jynx Candy
ITEMNAME_1038,B5B365C4F903134C,Electabuzz Candy
ITEMNAME_1039,B5B366C4F90314FF,Pinsir Candy
ITEMNAME_1040,B5B067C4F900E0DB,Tauros Candy
ITEMNAME_1041,B5B066C4F900DF28,Magikarp Candy
ITEMNAME_1042,B5B069C4F900E441,Lapras Candy
ITEMNAME_1043,B5B068C4F900E28E,Ditto Candy
ITEMNAME_1044,B5B06BC4F900E7A7,Eevee Candy
ITEMNAME_1045,B5B06AC4F900E5F4,Porygon Candy
ITEMNAME_1046,B5B06DC4F900EB0D,Omanyte Candy
ITEMNAME_1047,B5B06CC4F900E95A,Kabuto Candy
ITEMNAME_1048,B5B05FC4F900D343,Aerodactyl Candy
ITEMNAME_1049,B5B05EC4F900D190,Snorlax Candy
ITEMNAME_1050,B5ACE1C4F8FDC752,Articuno Candy
ITEMNAME_1051,B5ACE2C4F8FDC905,Zapdos Candy
ITEMNAME_1052,B5ACDFC4F8FDC3EC,Moltres Candy
ITEMNAME_1053,B5ACE0C4F8FDC59F,Dratini Candy
ITEMNAME_1054,B5ACDDC4F8FDC086,Mewtwo Candy
ITEMNAME_1055,B5ACDEC4F8FDC239,Mew Candy
ITEMNAME_1056,B5ACDBC4F8FDBD20,Meltan Candy
ITEMNAME_1057,B5ACDCC4F8FDBED3,Magmar Candy
ITEMNAME_1058,B5ACE9C4F8FDD4EA,???
ITEMNAME_1059,B5ACEAC4F8FDD69D,???
ITEMNAME_1060,B5A95BC4F8FAADC9,???
ITEMNAME_1061,B5A95AC4F8FAAC16,???
ITEMNAME_1062,B5A959C4F8FAAA63,???
ITEMNAME_1063,B5A958C4F8FAA8B0,???
ITEMNAME_1064,B5A95FC4F8FAB495,???
ITEMNAME_1065,B5A95EC4F8FAB2E2,???
ITEMNAME_1066,B5A95DC4F8FAB12F,???
ITEMNAME_1067,B5A95CC4F8FAAF7C,???
ITEMNAME_1068,B5A963C4F8FABB61,???
ITEMNAME_1069,B5A962C4F8FAB9AE,???
ITEMNAME_1070,B5A5D5C4F8F79440,???
ITEMNAME_1071,B5A5D6C4F8F795F3,???
ITEMNAME_1072,B5A5D7C4F8F797A6,???
ITEMNAME_1073,B5A5D8C4F8F79959,???
ITEMNAME_1074,B5A5D9C4F8F79B0C,Endorsement
ITEMNAME_1075,B5A5DAC4F8F79CBF,Pokémon Box Link
ITEMNAME_1076,B5A5DBC4F8F79E72,Wishing Star
ITEMNAME_1077,B5A5DCC4F8F7A025,Dynamax Band
ITEMNAME_1078,B5A5DDC4F8F7A1D8,???
ITEMNAME_1079,B5A5DEC4F8F7A38B,???
ITEMNAME_1080,B5D8EFC4F9231A07,Fishing Rod
ITEMNAME_1081,B5D8EEC4F9231854,Rotom Bike
ITEMNAME_1082,B5D8F1C4F9231D6D,???
ITEMNAME_1083,B5D8F0C4F9231BBA,???
ITEMNAME_1084,B5D8EBC4F923133B,Sausages
ITEMNAME_1085,B5D8EAC4F9231188,Bob’s Food Tin
ITEMNAME_1086,B5D8EDC4F92316A1,Bach’s Food Tin
ITEMNAME_1087,B5D8ECC4F92314EE,Tin of Beans
ITEMNAME_1088,B5D8E7C4F9230C6F,Bread
ITEMNAME_1089,B5D8E6C4F9230ABC,Pasta
ITEMNAME_1090,B5D569C4F920007E,Mixed Mushrooms
ITEMNAME_1091,B5D56AC4F9200231,Smoke-Poke Tail
ITEMNAME_1092,B5D567C4F91FFD18,Large Leek
ITEMNAME_1093,B5D568C4F91FFECB,Fancy Apple
ITEMNAME_1094,B5D56DC4F920074A,Brittle Bones
ITEMNAME_1095,B5D56EC4F92008FD,Pack of Potatoes
ITEMNAME_1096,B5D56BC4F92003E4,Pungent Root
ITEMNAME_1097,B5D56CC4F9200597,Salad Mix
ITEMNAME_1098,B5D561C4F91FF2E6,Fried Food
ITEMNAME_1099,B5D562C4F91FF499,Boiled Egg
ITEMNAME_1100,ACA7C4C4F3C809B4,Camping Gear
ITEMNAME_1101,ACA7C5C4F3C80B67,???
ITEMNAME_1102,ACA7C6C4F3C80D1A,???
ITEMNAME_1103,ACA7C7C4F3C80ECD,Rusted Sword
ITEMNAME_1104,ACA7C0C4F3C802E8,Rusted Shield
ITEMNAME_1105,ACA7C1C4F3C8049B,Fossilized Bird
ITEMNAME_1106,ACA7C2C4F3C8064E,Fossilized Fish
ITEMNAME_1107,ACA7C3C4F3C80801,Fossilized Drake
ITEMNAME_1108,ACA7BCC4F3C7FC1C,Fossilized Dino
ITEMNAME_1109,ACA7BDC4F3C7FDCF,Strawberry Sweet
ITEMNAME_1110,ACAACAC4F3CA49BD,Love Sweet
ITEMNAME_1111,ACAAC9C4F3CA480A,Berry Sweet
ITEMNAME_1112,ACAAC8C4F3CA4657,Clover Sweet
ITEMNAME_1113,ACAAC7C4F3CA44A4,Flower Sweet
ITEMNAME_1114,ACAAC6C4F3CA42F1,Star Sweet
ITEMNAME_1115,ACAAC5C4F3CA413E,Ribbon Sweet
ITEMNAME_1116,ACAAC4C4F3CA3F8B,Sweet Apple
ITEMNAME_1117,ACAAC3C4F3CA3DD8,Tart Apple
ITEMNAME_1118,ACAAC2C4F3CA3C25,Throat Spray
ITEMNAME_1119,ACAAC1C4F3CA3A72,Eject Pack
ITEMNAME_1120,ACAE30C4F3CD2CE6,Heavy-Duty Boots
ITEMNAME_1121,ACAE31C4F3CD2E99,Blunder Policy
ITEMNAME_1122,ACAE2EC4F3CD2980,Room Service
ITEMNAME_1123,ACAE2FC4F3CD2B33,Utility Umbrella
ITEMNAME_1124,ACAE34C4F3CD33B2,Exp. Candy XS
ITEMNAME_1125,ACAE35C4F3CD3565,Exp. Candy S
ITEMNAME_1126,ACAE32C4F3CD304C,Exp. Candy M
ITEMNAME_1127,ACAE33C4F3CD31FF,Exp. Candy L
ITEMNAME_1128,ACAE38C4F3CD3A7E,Exp. Candy XL
ITEMNAME_1129,ACAE39C4F3CD3C31,Dynamax Candy
ITEMNAME_1130,ACB1B6C4F3D0466F,TR00
ITEMNAME_1131,ACB1B5C4F3D044BC,TR01
ITEMNAME_1132,ACB1B8C4F3D049D5,TR02
ITEMNAME_1133,ACB1B7C4F3D04822,TR03
ITEMNAME_1134,ACB1B2C4F3D03FA3,TR04
ITEMNAME_1135,ACB1B1C4F3D03DF0,TR05
ITEMNAME_1136,ACB1B4C4F3D04309,TR06
ITEMNAME_1137,ACB1B3C4F3D04156,TR07
ITEMNAME_1138,ACB1BEC4F3D05407,TR08
ITEMNAME_1139,ACB1BDC4F3D05254,TR09
ITEMNAME_1140,AC9A2CC4F3BC7D10,TR10
ITEMNAME_1141,AC9A2DC4F3BC7EC3,TR11
ITEMNAME_1142,AC9A2EC4F3BC8076,TR12
ITEMNAME_1143,AC9A2FC4F3BC8229,TR13
ITEMNAME_1144,AC9A30C4F3BC83DC,TR14
ITEMNAME_1145,AC9A31C4F3BC858F,TR15
ITEMNAME_1146,AC9A32C4F3BC8742,TR16
ITEMNAME_1147,AC9A33C4F3BC88F5,TR17
ITEMNAME_1148,AC9A34C4F3BC8AA8,TR18
ITEMNAME_1149,AC9A35C4F3BC8C5B,TR19
ITEMNAME_1150,AC9D32C4F3BEBD19,TR20
ITEMNAME_1151,AC9D31C4F3BEBB66,TR21
ITEMNAME_1152,AC9D30C4F3BEB9B3,TR22
ITEMNAME_1153,AC9D2FC4F3BEB800,TR23
ITEMNAME_1154,AC9D36C4F3BEC3E5,TR24
ITEMNAME_1155,AC9D35C4F3BEC232,TR25
ITEMNAME_1156,AC9D34C4F3BEC07F,TR26
ITEMNAME_1157,AC9D33C4F3BEBECC,TR27
ITEMNAME_1158,AC9D3AC4F3BECAB1,TR28
ITEMNAME_1159,AC9D39C4F3BEC8FE,TR29
ITEMNAME_1160,ACA0B8C4F3C1D6A2,TR30
ITEMNAME_1161,ACA0B9C4F3C1D855,TR31
ITEMNAME_1162,ACA0B6C4F3C1D33C,TR32
ITEMNAME_1163,ACA0B7C4F3C1D4EF,TR33
ITEMNAME_1164,ACA0B4C4F3C1CFD6,TR34
ITEMNAME_1165,ACA0B5C4F3C1D189,TR35
ITEMNAME_1166,ACA0B2C4F3C1CC70,TR36
ITEMNAME_1167,ACA0B3C4F3C1CE23,TR37
ITEMNAME_1168,ACA0C0C4F3C1E43A,TR38
ITEMNAME_1169,ACA0C1C4F3C1E5ED,TR39
ITEMNAME_1170,ACA43EC4F3C4F02B,TR40
ITEMNAME_1171,ACA43DC4F3C4EE78,TR41
ITEMNAME_1172,ACA440C4F3C4F391,TR42
ITEMNAME_1173,ACA43FC4F3C4F1DE,TR43
ITEMNAME_1174,ACA442C4F3C4F6F7,TR44
ITEMNAME_1175,ACA441C4F3C4F544,TR45
ITEMNAME_1176,ACA444C4F3C4FA5D,TR46
ITEMNAME_1177,ACA443C4F3C4F8AA,TR47
ITEMNAME_1178,ACA436C4F3C4E293,TR48
ITEMNAME_1179,ACA435C4F3C4E0E0,TR49
ITEMNAME_1180,ACC2B4C4F3DEB63C,TR50
ITEMNAME_1181,ACC2B5C4F3DEB7EF,TR51
ITEMNAME_1182,ACC2B6C4F3DEB9A2,TR52
ITEMNAME_1183,ACC2B7C4F3DEBB55,TR53
ITEMNAME_1184,ACC2B0C4F3DEAF70,TR54
ITEMNAME_1185,ACC2B1C4F3DEB123,TR55
ITEMNAME_1186,ACC2B2C4F3DEB2D6,TR56
ITEMNAME_1187,ACC2B3C4F3DEB489,TR57
ITEMNAME_1188,ACC2BCC4F3DEC3D4,TR58
ITEMNAME_1189,ACC2BDC4F3DEC587,TR59
ITEMNAME_1190,ACC63AC4F3E1CFC5,TR60
ITEMNAME_1191,ACC639C4F3E1CE12,TR61
ITEMNAME_1192,ACC638C4F3E1CC5F,TR62
ITEMNAME_1193,ACC637C4F3E1CAAC,TR63
ITEMNAME_1194,ACC636C4F3E1C8F9,TR64
ITEMNAME_1195,ACC635C4F3E1C746,TR65
ITEMNAME_1196,ACC634C4F3E1C593,TR66
ITEMNAME_1197,ACC633C4F3E1C3E0,TR67
ITEMNAME_1198,ACC642C4F3E1DD5D,TR68
ITEMNAME_1199,ACC641C4F3E1DBAA,TR69
ITEMNAME_1200,C7EA35C50394C855,TR70
ITEMNAME_1201,C7EA34C50394C6A2,TR71
ITEMNAME_1202,C7EA33C50394C4EF,TR72
ITEMNAME_1203,C7EA32C50394C33C,TR73
ITEMNAME_1204,C7EA31C50394C189,TR74
ITEMNAME_1205,C7EA30C50394BFD6,TR75
ITEMNAME_1206,C7EA2FC50394BE23,TR76
ITEMNAME_1207,C7EA2EC50394BC70,TR77
ITEMNAME_1208,C7EA3DC50394D5ED,TR78
ITEMNAME_1209,C7EA3CC50394D43A,TR79
ITEMNAME_1210,C7E6AFC50391AECC,TR80
ITEMNAME_1211,C7E6B0C50391B07F,TR81
ITEMNAME_1212,C7E6B1C50391B232,TR82
ITEMNAME_1213,C7E6B2C50391B3E5,TR83
ITEMNAME_1214,C7E6ABC50391A800,TR84
ITEMNAME_1215,C7E6ACC50391A9B3,TR85
ITEMNAME_1216,C7E6ADC50391AB66,TR86
ITEMNAME_1217,C7E6AEC50391AD19,TR87
ITEMNAME_1218,C7E6B7C50391BC64,TR88
ITEMNAME_1219,C7E6B8C50391BE17,TR89
ITEMNAME_1220,C7F141C5039AFB67,TR90
ITEMNAME_1221,C7F140C5039AF9B4,TR91
ITEMNAME_1222,C7F143C5039AFECD,TR92
ITEMNAME_1223,C7F142C5039AFD1A,TR93
ITEMNAME_1224,C7F13DC5039AF49B,TR94
ITEMNAME_1225,C7F13CC5039AF2E8,TR95
ITEMNAME_1226,C7F13FC5039AF801,TR96
ITEMNAME_1227,C7F13EC5039AF64E,TR97
ITEMNAME_1228,C7F139C5039AEDCF,TR98
ITEMNAME_1229,C7F138C5039AEC1C,TR99
ITEMNAME_1230,C7EDBBC50397E1DE,TM00
ITEMNAME_1231,C7EDBCC50397E391,Lonely Mint
ITEMNAME_1232,C7EDB9C50397DE78,Adamant Mint
ITEMNAME_1233,C7EDBAC50397E02B,Naughty Mint
ITEMNAME_1234,C7EDBFC50397E8AA,Brave Mint
ITEMNAME_1235,C7EDC0C50397EA5D,Bold Mint
ITEMNAME_1236,C7EDBDC50397E544,Impish Mint
ITEMNAME_1237,C7EDBEC50397E6F7,Lax Mint
ITEMNAME_1238,C7EDB3C50397D446,Relaxed Mint
ITEMNAME_1239,C7EDB4C50397D5F9,Modest Mint
ITEMNAME_1240,C7DCBDC503897211,Mild Mint
ITEMNAME_1241,C7DCBCC50389705E,Rash Mint
ITEMNAME_1242,C7DCBBC503896EAB,Quiet Mint
ITEMNAME_1243,C7DCBAC503896CF8,Calm Mint
ITEMNAME_1244,C7DCC1C5038978DD,Gentle Mint
ITEMNAME_1245,C7DCC0C50389772A,Careful Mint
ITEMNAME_1246,C7DCBFC503897577,Sassy Mint
ITEMNAME_1247,C7DCBEC5038973C4,Timid Mint
ITEMNAME_1248,C7DCB5C503896479,Hasty Mint
ITEMNAME_1249,C7DCB4C5038962C6,Jolly Mint
ITEMNAME_1250,C7D937C503865888,Naive Mint
ITEMNAME_1251,C7D938C503865A3B,Serious Mint
ITEMNAME_1252,C7D939C503865BEE,Wishing Piece
ITEMNAME_1253,C7D93AC503865DA1,Cracked Pot
ITEMNAME_1254,C7D93BC503865F54,Chipped Pot
ITEMNAME_1255,C7D93CC503866107,Hi-tech Earbuds
ITEMNAME_1256,C7D93DC5038662BA,Fruit Bunch
ITEMNAME_1257,C7D93EC50386646D,Moomoo Cheese
ITEMNAME_1258,C7D92FC503864AF0,Spice Mix
ITEMNAME_1259,C7D930C503864CA3,Fresh Cream
ITEMNAME_1260,C7E3A9C5038F6EC3,Packaged Curry
ITEMNAME_1261,C7E3A8C5038F6D10,Coconut Milk
ITEMNAME_1262,C7E3ABC5038F7229,Instant Noodles
ITEMNAME_1263,C7E3AAC5038F7076,Precooked Burger
ITEMNAME_1264,C7E3ADC5038F758F,Gigantamix
ITEMNAME_1265,C7E3ACC5038F73DC,Wishing Chip
ITEMNAME_1266,C7E3AFC5038F78F5,Rotom Bike
ITEMNAME_1267,C7E3AEC5038F7742,Catching Charm
ITEMNAME_1268,C7E3B1C5038F7C5B,???
ITEMNAME_1269,C7E3B0C5038F7AA8,Old Letter
ITEMNAME_1270,C7E043C5038C8B9A,Band Autograph
ITEMNAME_1271,C7E044C5038C8D4D,Sonia’s Book
ITEMNAME_1272,C7E041C5038C8834,???
ITEMNAME_1273,C7E042C5038C89E7,???
ITEMNAME_1274,C7E03FC5038C84CE,???
ITEMNAME_1275,C7E040C5038C8681,???
ITEMNAME_1276,C7E03DC5038C8168,???
ITEMNAME_1277,C7E03EC5038C831B,???
ITEMNAME_1278,C7E03BC5038C7E02,Rotom Catalog
ITEMNAME_1279,C7E03CC5038C7FB5,★And458
ITEMNAME_1280,C7CF45C5037E1BCD,★And15
ITEMNAME_1281,C7CF44C5037E1A1A,★And337
ITEMNAME_1282,C7CF43C5037E1867,★And603
ITEMNAME_1283,C7CF42C5037E16B4,★And390
ITEMNAME_1284,C7CF41C5037E1501,★Sgr6879
ITEMNAME_1285,C7CF40C5037E134E,★Sgr6859
ITEMNAME_1286,C7CF3FC5037E119B,★Sgr6913
ITEMNAME_1287,C7CF3EC5037E0FE8,★Sgr7348
ITEMNAME_1288,C7CF3DC5037E0E35,★Sgr7121
ITEMNAME_1289,C7CF3CC5037E0C82,★Sgr6746
ITEMNAME_1290,C7CBBFC5037B0244,★Sgr7194
ITEMNAME_1291,C7CBC0C5037B03F7,★Sgr7337
ITEMNAME_1292,C7CBC1C5037B05AA,★Sgr7343
ITEMNAME_1293,C7CBC2C5037B075D,★Sgr6812
ITEMNAME_1294,C7CBBBC5037AFB78,★Sgr7116
ITEMNAME_1295,C7CBBCC5037AFD2B,★Sgr7264
ITEMNAME_1296,C7CBBDC5037AFEDE,★Sgr7597
ITEMNAME_1297,C7CBBEC5037B0091,★Del7882
ITEMNAME_1298,C7CBB7C5037AF4AC,★Del7906
ITEMNAME_1299,C7CBB8C5037AF65F,★Del7852
ITEMNAME_1300,BED41AC4FE509AEA,★Psc596
ITEMNAME_1301,BED41BC4FE509C9D,★Psc361
ITEMNAME_1302,BED418C4FE509784,★Psc510
ITEMNAME_1303,BED419C4FE509937,★Psc437
ITEMNAME_1304,BED416C4FE50941E,★Psc8773
ITEMNAME_1305,BED417C4FE5095D1,★Lep1865
ITEMNAME_1306,BED414C4FE5090B8,★Lep1829
ITEMNAME_1307,BED415C4FE50926B,★Boo5340
ITEMNAME_1308,BED412C4FE508D52,★Boo5506
ITEMNAME_1309,BED413C4FE508F05,★Boo5435
ITEMNAME_1310,BED780C4FE537E13,★Boo5602
ITEMNAME_1311,BED77FC4FE537C60,★Boo5733
ITEMNAME_1312,BED782C4FE538179,★Boo5235
ITEMNAME_1313,BED781C4FE537FC6,★Boo5351
ITEMNAME_1314,BED784C4FE5384DF,★Hya3748
ITEMNAME_1315,BED783C4FE53832C,★Hya3903
ITEMNAME_1316,BED786C4FE538845,★Hya3418
ITEMNAME_1317,BED785C4FE538692,★Hya3482
ITEMNAME_1318,BED788C4FE538BAB,★Hya3845
ITEMNAME_1319,BED787C4FE5389F8,★Eri1084
ITEMNAME_1320,BECD0EC4FE4A67D8,★Eri472
ITEMNAME_1321,BECD0FC4FE4A698B,★Eri1666
ITEMNAME_1322,BECD10C4FE4A6B3E,★Eri897
ITEMNAME_1323,BECD11C4FE4A6CF1,★Eri1231
ITEMNAME_1324,BECD12C4FE4A6EA4,★Eri874
ITEMNAME_1325,BECD13C4FE4A7057,★Eri1298
ITEMNAME_1326,BECD14C4FE4A720A,★Eri1325
ITEMNAME_1327,BECD15C4FE4A73BD,★Eri984
ITEMNAME_1328,BECD06C4FE4A5A40,★Eri1464
ITEMNAME_1329,BECD07C4FE4A5BF3,★Eri1393
ITEMNAME_1330,BED094C4FE4D8161,★Eri850
ITEMNAME_1331,BED093C4FE4D7FAE,★Tau1409
ITEMNAME_1332,BED092C4FE4D7DFB,★Tau1457
ITEMNAME_1333,BED091C4FE4D7C48,★Tau1165
ITEMNAME_1334,BED098C4FE4D882D,★Tau1791
ITEMNAME_1335,BED097C4FE4D867A,★Tau1910
ITEMNAME_1336,BED096C4FE4D84C7,★Tau1346
ITEMNAME_1337,BED095C4FE4D8314,★Tau1373
ITEMNAME_1338,BED08CC4FE4D73C9,★Tau1412
ITEMNAME_1339,BED08BC4FE4D7216,★CMa2491
ITEMNAME_1340,BEE192C4FE5BF12E,★CMa2693
ITEMNAME_1341,BEE193C4FE5BF2E1,★CMa2294
ITEMNAME_1342,BEE190C4FE5BEDC8,★CMa2827
ITEMNAME_1343,BEE191C4FE5BEF7B,★CMa2282
ITEMNAME_1344,BEE196C4FE5BF7FA,★CMa2618
ITEMNAME_1345,BEE197C4FE5BF9AD,★CMa2657
ITEMNAME_1346,BEE194C4FE5BF494,★CMa2646
ITEMNAME_1347,BEE195C4FE5BF647,★UMa4905
ITEMNAME_1348,BEE18AC4FE5BE396,★UMa4301
ITEMNAME_1349,BEE18BC4FE5BE549,★UMa5191
ITEMNAME_1350,BEE518C4FE5F0AB7,★UMa5054
ITEMNAME_1351,BEE517C4FE5F0904,★UMa4295
ITEMNAME_1352,BEE51AC4FE5F0E1D,★UMa4660
ITEMNAME_1353,BEE519C4FE5F0C6A,★UMa4554
ITEMNAME_1354,BEE514C4FE5F03EB,★UMa4069
ITEMNAME_1355,BEE513C4FE5F0238,★UMa3569
ITEMNAME_1356,BEE516C4FE5F0751,★UMa3323
ITEMNAME_1357,BEE515C4FE5F059E,★UMa4033
ITEMNAME_1358,BEE510C4FE5EFD1F,★UMa4377
ITEMNAME_1359,BEE50FC4FE5EFB6C,★UMa4375
ITEMNAME_1360,BEDB06C4FE56979C,★UMa4518
ITEMNAME_1361,BEDB07C4FE56994F,★UMa3594
ITEMNAME_1362,BEDB08C4FE569B02,★Vir5056
ITEMNAME_1363,BEDB09C4FE569CB5,★Vir4825
ITEMNAME_1364,BEDB02C4FE5690D0,★Vir4932
ITEMNAME_1365,BEDB03C4FE569283,★Vir4540
ITEMNAME_1366,BEDB04C4FE569436,★Vir4689
ITEMNAME_1367,BEDB05C4FE5695E9,★Vir5338
ITEMNAME_1368,BEDB0EC4FE56A534,★Vir4910
ITEMNAME_1369,BEDB0FC4FE56A6E7,★Vir5315
ITEMNAME_1370,BEDE0CC4FE58D7A5,★Vir5359
ITEMNAME_1371,BEDE0BC4FE58D5F2,★Vir5409
ITEMNAME_1372,BEDE0AC4FE58D43F,★Vir5107
ITEMNAME_1373,BEDE09C4FE58D28C,★Ari617
ITEMNAME_1374,BEDE08C4FE58D0D9,★Ari553
ITEMNAME_1375,BEDE07C4FE58CF26,★Ari546
ITEMNAME_1376,BEDE06C4FE58CD73,★Ari951
ITEMNAME_1377,BEDE05C4FE58CBC0,★Ori1713
ITEMNAME_1378,BEDE14C4FE58E53D,★Ori2061
ITEMNAME_1379,BEDE13C4FE58E38A,★Ori1790
ITEMNAME_1380,BEB90AC4FE39B802,★Ori1903
ITEMNAME_1381,BEB90BC4FE39B9B5,★Ori1948
ITEMNAME_1382,BEB908C4FE39B49C,★Ori2004
ITEMNAME_1383,BEB909C4FE39B64F,★Ori1852
ITEMNAME_1384,BEB906C4FE39B136,★Ori1879
ITEMNAME_1385,BEB907C4FE39B2E9,★Ori1899
ITEMNAME_1386,BEB904C4FE39ADD0,★Ori1543
ITEMNAME_1387,BEB905C4FE39AF83,★Cas21
ITEMNAME_1388,BEB912C4FE39C59A,★Cas168
ITEMNAME_1389,BEB913C4FE39C74D,★Cas403
ITEMNAME_1390,BEBC10C4FE3BF80B,★Cas153
ITEMNAME_1391,BEBC0FC4FE3BF658,★Cas542
ITEMNAME_1392,BEBC12C4FE3BFB71,★Cas219
ITEMNAME_1393,BEBC11C4FE3BF9BE,★Cas265
ITEMNAME_1394,BEBC14C4FE3BFED7,★Cnc3572
ITEMNAME_1395,BEBC13C4FE3BFD24,★Cnc3208
ITEMNAME_1396,BEBC16C4FE3C023D,★Cnc3461
ITEMNAME_1397,BEBC15C4FE3C008A,★Cnc3449
ITEMNAME_1398,BEBC08C4FE3BEA73,★Cnc3429
ITEMNAME_1399,BEBC07C4FE3BE8C0,★Cnc3627
ITEMNAME_1400,9384B3C4E5C8A193,★Cnc3268
ITEMNAME_1401,9384B2C4E5C89FE0,★Cnc3249
ITEMNAME_1402,9384B5C4E5C8A4F9,★Com4968
ITEMNAME_1403,9384B4C4E5C8A346,★Crv4757
ITEMNAME_1404,9384B7C4E5C8A85F,★Crv4623
ITEMNAME_1405,9384B6C4E5C8A6AC,★Crv4662
ITEMNAME_1406,9384B9C4E5C8ABC5,★Crv4786
ITEMNAME_1407,9384B8C4E5C8AA12,★Aur1708
ITEMNAME_1408,9384BBC4E5C8AF2B,★Aur2088
ITEMNAME_1409,9384BAC4E5C8AD78,★Aur1605
ITEMNAME_1410,93814DC4E5C5BE6A,★Aur2095
ITEMNAME_1411,93814EC4E5C5C01D,★Aur1577
ITEMNAME_1412,93814BC4E5C5BB04,★Aur1641
ITEMNAME_1413,93814CC4E5C5BCB7,★Aur1612
ITEMNAME_1414,938149C4E5C5B79E,★Pav7790
ITEMNAME_1415,93814AC4E5C5B951,★Cet911
ITEMNAME_1416,938147C4E5C5B438,★Cet681
ITEMNAME_1417,938148C4E5C5B5EB,★Cet188
ITEMNAME_1418,938145C4E5C5B0D2,★Cet539
ITEMNAME_1419,938146C4E5C5B285,★Cet804
ITEMNAME_1420,937DC7C4E5C2A4E1,★Cep8974
ITEMNAME_1421,937DC6C4E5C2A32E,★Cep8162
ITEMNAME_1422,937DC5C4E5C2A17B,★Cep8238
ITEMNAME_1423,937DC4C4E5C29FC8,★Cep8417
ITEMNAME_1424,937DCBC4E5C2ABAD,★Cen5267
ITEMNAME_1425,937DCAC4E5C2A9FA,★Cen5288
ITEMNAME_1426,937DC9C4E5C2A847,★Cen551
ITEMNAME_1427,937DC8C4E5C2A694,★Cen5459
ITEMNAME_1428,937DBFC4E5C29749,★Cen5460
ITEMNAME_1429,937DBEC4E5C29596,★CMi2943
ITEMNAME_1430,937A41C4E5BF8B58,★CMi2845
ITEMNAME_1431,937A42C4E5BF8D0B,★Equ8131
ITEMNAME_1432,937A43C4E5BF8EBE,★Vul7405
ITEMNAME_1433,937A44C4E5BF9071,★UMi424
ITEMNAME_1434,937A45C4E5BF9224,★UMi5563
ITEMNAME_1435,937A46C4E5BF93D7,★UMi5735
ITEMNAME_1436,937A47C4E5BF958A,★UMi6789
ITEMNAME_1437,937A48C4E5BF973D,★Crt4287
ITEMNAME_1438,937A39C4E5BF7DC0,★Lyr7001
ITEMNAME_1439,937A3AC4E5BF7F73,★Lyr7178
ITEMNAME_1440,93924BC4E5D42E37,★Lyr7106
ITEMNAME_1441,93924AC4E5D42C84,★Lyr7298
ITEMNAME_1442,93924DC4E5D4319D,★Ara6585
ITEMNAME_1443,93924CC4E5D42FEA,★Sco6134
ITEMNAME_1444,939247C4E5D4276B,★Sco6527
ITEMNAME_1445,939246C4E5D425B8,★Sco6553
ITEMNAME_1446,939249C4E5D42AD1,★Sco5953
ITEMNAME_1447,939248C4E5D4291E,★Sco5984
ITEMNAME_1448,939243C4E5D4209F,★Sco6508
ITEMNAME_1449,939242C4E5D41EEC,★Sco6084
ITEMNAME_1450,938EC5C4E5D114AE,★Sco5944
ITEMNAME_1451,938EC6C4E5D11661,★Sco6630
ITEMNAME_1452,938EC3C4E5D11148,★Sco6027
ITEMNAME_1453,938EC4C4E5D112FB,★Sco6247
ITEMNAME_1454,938EC9C4E5D11B7A,★Sco6252
ITEMNAME_1455,938ECAC4E5D11D2D,★Sco5928
ITEMNAME_1456,938EC7C4E5D11814,★Sco6241
ITEMNAME_1457,938EC8C4E5D119C7,★Sco6165
ITEMNAME_1458,938EBDC4E5D10716,★Tri544
ITEMNAME_1459,938EBEC4E5D108C9,★Leo3982
ITEMNAME_1460,938B3FC4E5CDFB25,★Leo4534
ITEMNAME_1461,938B3EC4E5CDF972,★Leo4357
ITEMNAME_1462,938B3DC4E5CDF7BF,★Leo4057
ITEMNAME_1463,938B3CC4E5CDF60C,★Leo4359
ITEMNAME_1464,938B3BC4E5CDF459,★Leo4031
ITEMNAME_1465,938B3AC4E5CDF2A6,★Leo3852
ITEMNAME_1466,938B39C4E5CDF0F3,★Leo3905
ITEMNAME_1467,938B38C4E5CDEF40,★Leo3773
ITEMNAME_1468,938B47C4E5CE08BD,★Gru8425
ITEMNAME_1469,938B46C4E5CE070A,★Gru8636
ITEMNAME_1470,938839C4E5CBBB1C,★Gru8353
ITEMNAME_1471,93883AC4E5CBBCCF,★Lib5685
ITEMNAME_1472,93883BC4E5CBBE82,★Lib5531
ITEMNAME_1473,93883CC4E5CBC035,★Lib5787
ITEMNAME_1474,938835C4E5CBB450,★Lib5603
ITEMNAME_1475,938836C4E5CBB603,★Pup3165
ITEMNAME_1476,938837C4E5CBB7B6,★Pup3185
ITEMNAME_1477,938838C4E5CBB969,★Pup3045
ITEMNAME_1478,938841C4E5CBC8B4,★Cyg7924
ITEMNAME_1479,938842C4E5CBCA67,★Cyg7417
ITEMNAME_1480,936943C4E5B11B8B,★Cyg7796
ITEMNAME_1481,936942C4E5B119D8,★Cyg8301
ITEMNAME_1482,936945C4E5B11EF1,★Cyg7949
ITEMNAME_1483,936944C4E5B11D3E,★Cyg7528
ITEMNAME_1484,936947C4E5B12257,★Oct7228
ITEMNAME_1485,936946C4E5B120A4,★Col1956
ITEMNAME_1486,936949C4E5B125BD,★Col2040
ITEMNAME_1487,936948C4E5B1240A,★Col2177
ITEMNAME_1488,93693BC4E5B10DF3,★Gem2990
ITEMNAME_1489,93693AC4E5B10C40,★Gem2891
ITEMNAME_1490,93663DC4E5AEDB82,★Gem2421
ITEMNAME_1491,93663EC4E5AEDD35,★Gem2473
ITEMNAME_1492,93663BC4E5AED81C,★Gem2216
ITEMNAME_1493,93663CC4E5AED9CF,★Gem2777
ITEMNAME_1494,936639C4E5AED4B6,★Gem2650
ITEMNAME_1495,93663AC4E5AED669,★Gem2286
ITEMNAME_1496,936637C4E5AED150,★Gem2484
ITEMNAME_1497,936638C4E5AED303,★Gem2930
ITEMNAME_1498,936645C4E5AEE91A,★Peg8775
ITEMNAME_1499,936646C4E5AEEACD,★Peg8781
ITEMNAME_1500,8A6E98C4E0847428,★Peg39
ITEMNAME_1501,8A6E99C4E08475DB,★Peg8308
ITEMNAME_1502,8A6E9AC4E084778E,★Peg8650
ITEMNAME_1503,8A6E9BC4E0847941,★Peg8634
ITEMNAME_1504,8A6E9CC4E0847AF4,★Peg8684
ITEMNAME_1505,8A6E9DC4E0847CA7,★Peg8450
ITEMNAME_1506,8A6E9EC4E0847E5A,★Peg8880
ITEMNAME_1507,8A6E9FC4E084800D,★Peg8905
ITEMNAME_1508,8A6E90C4E0846690,★Oph6556
ITEMNAME_1509,8A6E91C4E0846843,★Oph6378
ITEMNAME_1510,8A719EC4E086B431,★Oph6603
ITEMNAME_1511,8A719DC4E086B27E,★Oph6149
ITEMNAME_1512,8A719CC4E086B0CB,★Oph6056
ITEMNAME_1513,8A719BC4E086AF18,★Oph6075
ITEMNAME_1514,8A71A2C4E086BAFD,★Ser5854
ITEMNAME_1515,8A71A1C4E086B94A,★Ser7141
ITEMNAME_1516,8A71A0C4E086B797,★Ser5879
ITEMNAME_1517,8A719FC4E086B5E4,★Her6406
ITEMNAME_1518,8A7196C4E086A699,★Her6148
ITEMNAME_1519,8A7195C4E086A4E6,★Her6410
ITEMNAME_1520,8A7524C4E089CDBA,★Her6526
ITEMNAME_1521,8A7525C4E089CF6D,★Her6117
ITEMNAME_1522,8A7522C4E089CA54,★Her6008
ITEMNAME_1523,8A7523C4E089CC07,★Per936
ITEMNAME_1524,8A7520C4E089C6EE,★Per1017
ITEMNAME_1525,8A7521C4E089C8A1,★Per1131
ITEMNAME_1526,8A751EC4E089C388,★Per1228
ITEMNAME_1527,8A751FC4E089C53B,★Per834
ITEMNAME_1528,8A751CC4E089C022,★Per941
ITEMNAME_1529,8A751DC4E089C1D5,★Phe99
ITEMNAME_1530,8A788AC4E08CB0E3,★Phe338
ITEMNAME_1531,8A7889C4E08CAF30,★Vel3634
ITEMNAME_1532,8A788CC4E08CB449,★Vel3485
ITEMNAME_1533,8A788BC4E08CB296,★Vel3734
ITEMNAME_1534,8A788EC4E08CB7AF,★Aqr8232
ITEMNAME_1535,8A788DC4E08CB5FC,★Aqr8414
ITEMNAME_1536,8A7890C4E08CBB15,★Aqr8709
ITEMNAME_1537,8A788FC4E08CB962,★Aqr8518
ITEMNAME_1538,8A7892C4E08CBE7B,★Aqr7950
ITEMNAME_1539,8A7891C4E08CBCC8,★Aqr8499
ITEMNAME_1540,8A7C10C4E08FCA6C,★Aqr8610
ITEMNAME_1541,8A7C11C4E08FCC1F,★Aqr8264
ITEMNAME_1542,8A7C12C4E08FCDD2,★Cru4853
ITEMNAME_1543,8A7C13C4E08FCF85,★Cru4730
ITEMNAME_1544,8A7C0CC4E08FC3A0,★Cru4763
ITEMNAME_1545,8A7C0DC4E08FC553,★Cru4700
ITEMNAME_1546,8A7C0EC4E08FC706,★Cru4656
ITEMNAME_1547,8A7C0FC4E08FC8B9,★PsA8728
ITEMNAME_1548,8A7C18C4E08FD804,★TrA6217
ITEMNAME_1549,8A7C19C4E08FD9B7,★Cap7776
ITEMNAME_1550,8A7F96C4E092E3F5,★Cap7754
ITEMNAME_1551,8A7F95C4E092E242,★Cap8278
ITEMNAME_1552,8A7F94C4E092E08F,★Cap8322
ITEMNAME_1553,8A7F93C4E092DEDC,★Cap7773
ITEMNAME_1554,8A7F92C4E092DD29,★Sge7479
ITEMNAME_1555,8A7F91C4E092DB76,★Car2326
ITEMNAME_1556,8A7F90C4E092D9C3,★Car3685
ITEMNAME_1557,8A7F8FC4E092D810,★Car3307
ITEMNAME_1558,8A7F9EC4E092F18D,★Car3699
ITEMNAME_1559,8A7F9DC4E092EFDA,★Dra5744
ITEMNAME_1560,8A829CC4E09523FE,★Dra5291
ITEMNAME_1561,8A829DC4E09525B1,★Dra6705
ITEMNAME_1562,8A829AC4E0952098,★Dra6536
ITEMNAME_1563,8A829BC4E095224B,★Dra7310
ITEMNAME_1564,8A82A0C4E0952ACA,★Dra6688
ITEMNAME_1565,8A82A1C4E0952C7D,★Dra4434
ITEMNAME_1566,8A829EC4E0952764,★Dra6370
ITEMNAME_1567,8A829FC4E0952917,★Dra7462
ITEMNAME_1568,8A8294C4E0951666,★Dra6396
ITEMNAME_1569,8A8295C4E0951819,★Dra6132
ITEMNAME_1570,8A8622C4E0983D87,★Dra6636
ITEMNAME_1571,8A8621C4E0983BD4,★CVn4915
ITEMNAME_1572,8A8624C4E09840ED,★CVn4785
ITEMNAME_1573,8A8623C4E0983F3A,★CVn4846
ITEMNAME_1574,8A861EC4E09836BB,★Aql7595
ITEMNAME_1575,8A861DC4E0983508,★Aql7557
ITEMNAME_1576,8A8620C4E0983A21,★Aql7525
ITEMNAME_1577,8A861FC4E098386E,★Aql7602
ITEMNAME_1578,8A861AC4E0982FEF,★Aql7235
ITEMNAME_1579,8A8619C4E0982E3C,Max Honey
ITEMNAME_1580,8A5308C4E06CB7C0,Max Mushrooms
ITEMNAME_1581,8A5309C4E06CB973,Galarica Twig
ITEMNAME_1582,8A530AC4E06CBB26,Galarica Cuff
ITEMNAME_1583,8A530BC4E06CBCD9,Style Card
ITEMNAME_1584,8A530CC4E06CBE8C,Armor Pass
ITEMNAME_1585,8A530DC4E06CC03F,Rotom Bike
ITEMNAME_1586,8A530EC4E06CC1F2,Rotom Bike
ITEMNAME_1587,8A530FC4E06CC3A5,Exp. Charm
ITEMNAME_1588,8A5310C4E06CC558,Armorite Ore
ITEMNAME_1589,8A5311C4E06CC70B,Mark Charm
ITEMNAME_1590,8A568EC4E06FD149,Reins of Unity
ITEMNAME_1591,8A568DC4E06FCF96,Reins of Unity
ITEMNAME_1592,8A568CC4E06FCDE3,Galarica Wreath
ITEMNAME_1593,8A568BC4E06FCC30,Legendary Clue 1
ITEMNAME_1594,8A5692C4E06FD815,Legendary Clue 2
ITEMNAME_1595,8A5691C4E06FD662,Legendary Clue 3
ITEMNAME_1596,8A5690C4E06FD4AF,Legendary Clue?
ITEMNAME_1597,8A568FC4E06FD2FC,Crown Pass
ITEMNAME_1598,8A5696C4E06FDEE1,Wooden Crown
ITEMNAME_1599,8A5695C4E06FDD2E,Radiant Petal
ITEMNAME_1600,A54489C4EFF53A69,White Mane Hair
ITEMNAME_1601,A54488C4EFF538B6,Black Mane Hair
ITEMNAME_1602,A54487C4EFF53703,Iceroot Carrot
ITEMNAME_1603,A54486C4EFF53550,Shaderoot Carrot
ITEMNAME_1604,A5448DC4EFF54135,Dynite Ore
ITEMNAME_1605,A5448CC4EFF53F82,Carrot Seeds
ITEMNAME_1606,A5448BC4EFF53DCF,Ability Patch
ITEMNAME_1607,A5448AC4EFF53C1C,Reins of Unity
ITEMNAME_1608,A54491C4EFF54801,Time Balm
ITEMNAME_1609,A54490C4EFF5464E,Space Balm
ITEMNAME_1610,A54103C4EFF220E0,Mysterious Balm
ITEMNAME_1611,A54104C4EFF22293,Linking Cord
ITEMNAME_1612,A54105C4EFF22446,Hometown Muffin
ITEMNAME_1613,A54106C4EFF225F9,Apricorn
ITEMNAME_1614,A54107C4EFF227AC,Jubilife Muffin
ITEMNAME_1615,A54108C4EFF2295F,Aux Powerguard
ITEMNAME_1616,A54109C4EFF22B12,Dire Hit
ITEMNAME_1617,A5410AC4EFF22CC5,Choice Dumpling
ITEMNAME_1618,A5410BC4EFF22E78,Twice-Spiced Radish
ITEMNAME_1619,A5410CC4EFF2302B,Swap Snack
ITEMNAME_1620,A54B15C4EFFA93FB,Caster Fern
ITEMNAME_1621,A54B14C4EFFA9248,Seed of Mastery
ITEMNAME_1622,A54B17C4EFFA9761,Poké Ball
ITEMNAME_1623,A54B16C4EFFA95AE,???
ITEMNAME_1624,A54B19C4EFFA9AC7,Eternal Ice
ITEMNAME_1625,A54B18C4EFFA9914,Uxie’s Claw
ITEMNAME_1626,A54B1BC4EFFA9E2D,Azelf’s Fang
ITEMNAME_1627,A54B1AC4EFFA9C7A,Mesprit’s Plume
ITEMNAME_1628,A54B0DC4EFFA8663,Tumblestone
ITEMNAME_1629,A54B0CC4EFFA84B0,Celestica Flute
ITEMNAME_1630,A5478FC4EFF77A72,Remedy
ITEMNAME_1631,A54790C4EFF77C25,Fine Remedy
ITEMNAME_1632,A5478DC4EFF7770C,Dazzling Honey
ITEMNAME_1633,A5478EC4EFF778BF,Hearty Grains
ITEMNAME_1634,A5478BC4EFF773A6,Plump Beans
ITEMNAME_1635,A5478CC4EFF77559,Springy Mushroom
ITEMNAME_1636,A54789C4EFF77040,Crunchy Salt
ITEMNAME_1637,A5478AC4EFF771F3,Wood
ITEMNAME_1638,A54797C4EFF7880A,King’s Leaf
ITEMNAME_1639,A54798C4EFF789BD,Marsh Balm
ITEMNAME_1640,A55221C4F000C70D,Poké Ball
ITEMNAME_1641,A55220C4F000C55A,Great Ball
ITEMNAME_1642,A5521FC4F000C3A7,Ultra Ball
ITEMNAME_1643,A5521EC4F000C1F4,Feather Ball
ITEMNAME_1644,A5521DC4F000C041,Pokéshi Doll
ITEMNAME_1645,A5521CC4F000BE8E,???
ITEMNAME_1646,A5521BC4F000BCDB,Smoke Bomb
ITEMNAME_1647,A5521AC4F000BB28,Scatter Bang
ITEMNAME_1648,A55219C4F000B975,Sticky Glob
ITEMNAME_1649,A55218C4F000B7C2,Star Piece
ITEMNAME_1650,A54E9BC4EFFDAD84,Mushroom Cake
ITEMNAME_1651,A54E9CC4EFFDAF37,Bugwort
ITEMNAME_1652,A54E9DC4EFFDB0EA,Honey Cake
ITEMNAME_1653,A54E9EC4EFFDB29D,Grain Cake
ITEMNAME_1654,A54E97C4EFFDA6B8,Bean Cake
ITEMNAME_1655,A54E98C4EFFDA86B,Salt Cake
ITEMNAME_1656,A54E99C4EFFDAA1E,Potion
ITEMNAME_1657,A54E9AC4EFFDABD1,Super Potion
ITEMNAME_1658,A54E93C4EFFD9FEC,Hyper Potion
ITEMNAME_1659,A54E94C4EFFDA19F,Max Potion
ITEMNAME_1660,A5588DC4F005EA3F,Full Restore
ITEMNAME_1661,A5588CC4F005E88C,Remedy
ITEMNAME_1662,A5588FC4F005EDA5,Fine Remedy
ITEMNAME_1663,A5588EC4F005EBF2,Superb Remedy
ITEMNAME_1664,A55889C4F005E373,Old Gateau
ITEMNAME_1665,A55888C4F005E1C0,Jubilife Muffin
ITEMNAME_1666,A5588BC4F005E6D9,Full Heal
ITEMNAME_1667,A5588AC4F005E526,Revive
ITEMNAME_1668,A55895C4F005F7D7,Max Revive
ITEMNAME_1669,A55894C4F005F624,Max Ether
ITEMNAME_1670,A55587C4F003AA36,Max Elixir
ITEMNAME_1671,A55588C4F003ABE9,Stealth Spray
ITEMNAME_1672,A55585C4F003A6D0,???
ITEMNAME_1673,A55586C4F003A883,Aux Power
ITEMNAME_1674,A5558BC4F003B102,Aux Guard
ITEMNAME_1675,A5558CC4F003B2B5,Dire Hit
ITEMNAME_1676,A55589C4F003AD9C,Aux Evasion
ITEMNAME_1677,A5558AC4F003AF4F,Aux Powerguard
ITEMNAME_1678,A5558FC4F003B7CE,Forest Balm
ITEMNAME_1679,A55590C4F003B981,Iron Chunk
ITEMNAME_1680,A55F99C4F00C1D51,???
ITEMNAME_1681,A55F98C4F00C1B9E,Black Tumblestone
ITEMNAME_1682,A55F97C4F00C19EB,Sky Tumblestone
ITEMNAME_1683,A55F96C4F00C1838,???
ITEMNAME_1684,A55F9DC4F00C241D,Ball of Mud
ITEMNAME_1685,A55F9CC4F00C226A,???
ITEMNAME_1686,A55F9BC4F00C20B7,Pop Pod
ITEMNAME_1687,A55F9AC4F00C1F04,Sootfoot Root
ITEMNAME_1688,A55F91C4F00C0FB9,Spoiled Apricorn
ITEMNAME_1689,A55F90C4F00C0E06,Snowball
ITEMNAME_1690,A55C13C4F00903C8,Sticky Glob
ITEMNAME_1691,A55C14C4F009057B,Black Augurite
ITEMNAME_1692,A55C15C4F009072E,Peat Block
ITEMNAME_1693,A55C16C4F00908E1,Stealth Spray
ITEMNAME_1694,A55C17C4F0090A94,Medicinal Leek
ITEMNAME_1695,A55C18C4F0090C47,Vivichoke
ITEMNAME_1696,A55C19C4F0090DFA,Pep-Up Plant
ITEMNAME_1697,A55C1AC4F0090FAD,???
ITEMNAME_1698,A55C0BC4F008F630,???
ITEMNAME_1699,A55C0CC4F008F7E3,Tempting Charm B
ITEMNAME_1700,9C9AEEC4EB0D055E,Tempting Charm P
ITEMNAME_1701,9C9AEFC4EB0D0711,Swordcap
ITEMNAME_1702,9C9AECC4EB0D01F8,Iron Barktongue
ITEMNAME_1703,9C9AEDC4EB0D03AB,Doppel Bonnets
ITEMNAME_1704,9C9AF2C4EB0D0C2A,Direshroom
ITEMNAME_1705,9C9AF3C4EB0D0DDD,Sand Radish
ITEMNAME_1706,9C9AF0C4EB0D08C4,Tempting Charm T
ITEMNAME_1707,9C9AF1C4EB0D0A77,Tempting Charm Y
ITEMNAME_1708,9C9AE6C4EB0CF7C6,Candy Truffle
ITEMNAME_1709,9C9AE7C4EB0CF979,Cake-Lure Base
ITEMNAME_1710,9C9E74C4EB101EE7,Poké Ball
ITEMNAME_1711,9C9E73C4EB101D34,Great Ball
ITEMNAME_1712,9C9E76C4EB10224D,Ultra Ball
ITEMNAME_1713,9C9E75C4EB10209A,Feather Ball
ITEMNAME_1714,9C9E70C4EB10181B,???
ITEMNAME_1715,9C9E6FC4EB101668,???
ITEMNAME_1716,9C9E72C4EB101B81,Scatter Bang
ITEMNAME_1717,9C9E71C4EB1019CE,Smoke Bomb
ITEMNAME_1718,9C9E6CC4EB10114F,???
ITEMNAME_1719,9C9E6BC4EB100F9C,???
ITEMNAME_1720,9C93E2C4EB06D24C,Pokéshi Doll
ITEMNAME_1721,9C93E3C4EB06D3FF,Volcano Balm
ITEMNAME_1722,9C93E4C4EB06D5B2,Mountain Balm
ITEMNAME_1723,9C93E5C4EB06D765,Snow Balm
ITEMNAME_1724,9C93DEC4EB06CB80,Honey Cake
ITEMNAME_1725,9C93DFC4EB06CD33,Grain Cake
ITEMNAME_1726,9C93E0C4EB06CEE6,Bean Cake
ITEMNAME_1727,9C93E1C4EB06D099,Mushroom Cake
ITEMNAME_1728,9C93EAC4EB06DFE4,Salt Cake
ITEMNAME_1729,9C93EBC4EB06E197,Swap Snack
ITEMNAME_1730,9C9768C4EB09EBD5,Choice Dumpling
ITEMNAME_1731,9C9767C4EB09EA22,Twice-Spiced Radish
ITEMNAME_1732,9C9766C4EB09E86F,Survival Charm R
ITEMNAME_1733,9C9765C4EB09E6BC,Survival Charm B
ITEMNAME_1734,9C9764C4EB09E509,Survival Charm P
ITEMNAME_1735,9C9763C4EB09E356,Survival Charm T
ITEMNAME_1736,9C9762C4EB09E1A3,Survival Charm Y
ITEMNAME_1737,9C9761C4EB09DFF0,Torn Journal
ITEMNAME_1738,9C9770C4EB09F96D,Warding Charm R
ITEMNAME_1739,9C976FC4EB09F7BA,Warding Charm B
ITEMNAME_1740,9C8D76C4EB01AF1A,Warding Charm P
ITEMNAME_1741,9C8D77C4EB01B0CD,Warding Charm T
ITEMNAME_1742,9C8D74C4EB01ABB4,Warding Charm Y
ITEMNAME_1743,9C8D75C4EB01AD67,Wall Fragment
ITEMNAME_1744,9C8D72C4EB01A84E,Basculegion Food
ITEMNAME_1745,9C8D73C4EB01AA01,Old Journal
ITEMNAME_1746,9C8D70C4EB01A4E8,Wing Ball
ITEMNAME_1747,9C8D71C4EB01A69B,Jet Ball
ITEMNAME_1748,9C8D6EC4EB01A182,Heavy Ball
ITEMNAME_1749,9C8D6FC4EB01A335,Leaden Ball
ITEMNAME_1750,9C90DCC4EB049243,Gigaton Ball
ITEMNAME_1751,9C90DBC4EB049090,Wing Ball
ITEMNAME_1752,9C90DEC4EB0495A9,Jet Ball
ITEMNAME_1753,9C90DDC4EB0493F6,Heavy Ball
ITEMNAME_1754,9C90E0C4EB04990F,Hopo Berry
ITEMNAME_1755,9C90DFC4EB04975C,Superb Remedy
ITEMNAME_1756,9C90E2C4EB049C75,Aux Power
ITEMNAME_1757,9C90E1C4EB049AC2,Aux Guard
ITEMNAME_1758,9C90E4C4EB049FDB,Aux Evasion
ITEMNAME_1759,9C90E3C4EB049E28,Grit Dust
ITEMNAME_1760,9C866AC4EAFB7C08,Grit Gravel
ITEMNAME_1761,9C866BC4EAFB7DBB,Grit Pebble
ITEMNAME_1762,9C866CC4EAFB7F6E,Grit Rock
ITEMNAME_1763,9C866DC4EAFB8121,Secret Medicine
ITEMNAME_1764,9C866EC4EAFB82D4,Tempting Charm R
ITEMNAME_1765,9C866FC4EAFB8487,Lost Satchel
ITEMNAME_1766,9C8670C4EAFB863A,Lost Satchel
ITEMNAME_1767,9C8671C4EAFB87ED,Lost Satchel
ITEMNAME_1768,9C8662C4EAFB6E70,Lost Satchel
ITEMNAME_1769,9C8663C4EAFB7023,Lost Satchel
ITEMNAME_1770,9C89F0C4EAFE9591,???
ITEMNAME_1771,9C89EFC4EAFE93DE,Origin Ball
ITEMNAME_1772,9C89EEC4EAFE922B,???
ITEMNAME_1773,9C89EDC4EAFE9078,???
ITEMNAME_1774,9C89F4C4EAFE9C5D,???
ITEMNAME_1775,9C89F3C4EAFE9AAA,???
ITEMNAME_1776,9C89F2C4EAFE98F7,Origin Ore
ITEMNAME_1777,9C89F1C4EAFE9744,Adamant Crystal
ITEMNAME_1778,9C89E8C4EAFE87F9,Lustrous Globe
ITEMNAME_1779,9C89E7C4EAFE8646,Griseous Core
ITEMNAME_1780,9C7FDEC4EAF62276,Blank Plate
ITEMNAME_1781,9C7FDFC4EAF62429,???
ITEMNAME_1782,9C7FDCC4EAF61F10,Crafting Kit
ITEMNAME_1783,9C7FDDC4EAF620C3,Leaden Ball
ITEMNAME_1784,9C7FE2C4EAF62942,Gigaton Ball
ITEMNAME_1785,9C7FE3C4EAF62AF5,Strange Ball
ITEMNAME_1786,9C7FE0C4EAF625DC,Pokédex
ITEMNAME_1787,9C7FE1C4EAF6278F,Old Verse 1
ITEMNAME_1788,9C7FE6C4EAF6300E,Old Verse 2
ITEMNAME_1789,9C7FE7C4EAF631C1,Old Verse 3
ITEMNAME_1790,9C82E4C4EAF8627F,Old Verse 4
ITEMNAME_1791,9C82E3C4EAF860CC,???
ITEMNAME_1792,9C82E6C4EAF865E5,Old Verse 5
ITEMNAME_1793,9C82E5C4EAF86432,Old Verse 6
ITEMNAME_1794,9C82E0C4EAF85BB3,Old Verse 7
ITEMNAME_1795,9C82DFC4EAF85A00,Old Verse 8
ITEMNAME_1796,9C82E2C4EAF85F19,Old Verse 9
ITEMNAME_1797,9C82E1C4EAF85D66,Old Verse 10
ITEMNAME_1798,9C82ECC4EAF87017,Old Verse 11
ITEMNAME_1799,9C82EBC4EAF86E64,Old Verse 12
ITEMNAME_1800,714BA7C4D2854267,Old Verse 13
ITEMNAME_1801,714BA6C4D28540B4,Old Verse 14
ITEMNAME_1802,714BA9C4D28545CD,Old Verse 15
ITEMNAME_1803,714BA8C4D285441A,Old Verse 16
ITEMNAME_1804,714BA3C4D2853B9B,Old Verse 17
ITEMNAME_1805,714BA2C4D28539E8,Old Verse 18
ITEMNAME_1806,714BA5C4D2853F01,Old Verse 19
ITEMNAME_1807,714BA4C4D2853D4E,Old Verse 20
ITEMNAME_1808,714B9FC4D28534CF,Mysterious Shard S
ITEMNAME_1809,714B9EC4D285331C,Mysterious Shard L
ITEMNAME_1810,714821C4D28228DE,Digger Drill
ITEMNAME_1811,714822C4D2822A91,Kanto Slate
ITEMNAME_1812,71481FC4D2822578,Johto Slate
ITEMNAME_1813,714820C4D282272B,Soul Slate
ITEMNAME_1814,714825C4D2822FAA,Rainbow Slate
ITEMNAME_1815,714826C4D282315D,Squall Slate
ITEMNAME_1816,714823C4D2822C44,Oceanic Slate
ITEMNAME_1817,714824C4D2822DF7,Tectonic Slate
ITEMNAME_1818,714819C4D2821B46,Stratospheric Slate
ITEMNAME_1819,71481AC4D2821CF9,Genome Slate
ITEMNAME_1820,71449BC4D27F0F55,Discovery Slate
ITEMNAME_1821,71449AC4D27F0DA2,Distortion Slate
ITEMNAME_1822,714499C4D27F0BEF,DS Sounds
ITEMNAME_1823,714498C4D27F0A3C,
ITEMNAME_1824,714497C4D27F0889,
ITEMNAME_1825,714496C4D27F06D6,
ITEMNAME_1826,714495C4D27F0523,
ITEMNAME_1827,714494C4D27F0370,
ITEMNAME_1828,7144A3C4D27F1CED,Legend Plate
ITEMNAME_1829,7144A2C4D27F1B3A,Rotom Phone
ITEMNAME_1830,714115C4D27BF5CC,Sandwich
ITEMNAME_1831,714116C4D27BF77F,Koraidon’s Poké Ball
ITEMNAME_1832,714117C4D27BF932,Miraidon’s Poké Ball
ITEMNAME_1833,714118C4D27BFAE5,Tera Orb
ITEMNAME_1834,714111C4D27BEF00,Scarlet Book
ITEMNAME_1835,714112C4D27BF0B3,Violet Book
ITEMNAME_1836,714113C4D27BF266,Kofu’s Wallet
ITEMNAME_1837,714114C4D27BF419,
ITEMNAME_1838,71411DC4D27C0364,
ITEMNAME_1839,71411EC4D27C0517,
ITEMNAME_1840,713E0FC4D279B5C3,
ITEMNAME_1841,713E0EC4D279B410,
ITEMNAME_1842,713E11C4D279B929,Tiny Bamboo Shoot
ITEMNAME_1843,713E10C4D279B776,Big Bamboo Shoot
ITEMNAME_1844,713E13C4D279BC8F,
ITEMNAME_1845,713E12C4D279BADC,
ITEMNAME_1846,713E15C4D279BFF5,
ITEMNAME_1847,713E14C4D279BE42,
ITEMNAME_1848,713E17C4D279C35B,
ITEMNAME_1849,713E16C4D279C1A8,
ITEMNAME_1850,713AA9C4D276D29A,
ITEMNAME_1851,713AAAC4D276D44D,
ITEMNAME_1852,713AA7C4D276CF34,
ITEMNAME_1853,713AA8C4D276D0E7,
ITEMNAME_1854,713AA5C4D276CBCE,
ITEMNAME_1855,713AA6C4D276CD81,
ITEMNAME_1856,713AA3C4D276C868,
ITEMNAME_1857,713AA4C4D276CA1B,Scroll of Darkness
ITEMNAME_1858,713AA1C4D276C502,Scroll of Waters
ITEMNAME_1859,713AA2C4D276C6B5,
ITEMNAME_1860,713723C4D273B911,
ITEMNAME_1861,713722C4D273B75E,Malicious Armor
ITEMNAME_1862,713721C4D273B5AB,Normal Tera Shard
ITEMNAME_1863,713720C4D273B3F8,Fire Tera Shard
ITEMNAME_1864,713727C4D273BFDD,Water Tera Shard
ITEMNAME_1865,713726C4D273BE2A,Electric Tera Shard
ITEMNAME_1866,713725C4D273BC77,Grass Tera Shard
ITEMNAME_1867,713724C4D273BAC4,Ice Tera Shard
ITEMNAME_1868,71371BC4D273AB79,Fighting Tera Shard
ITEMNAME_1869,71371AC4D273A9C6,Poison Tera Shard
ITEMNAME_1870,71339DC4D2709F88,Ground Tera Shard
ITEMNAME_1871,71339EC4D270A13B,Flying Tera Shard
ITEMNAME_1872,71339FC4D270A2EE,Psychic Tera Shard
ITEMNAME_1873,7133A0C4D270A4A1,Bug Tera Shard
ITEMNAME_1874,7133A1C4D270A654,Rock Tera Shard
ITEMNAME_1875,7133A2C4D270A807,Ghost Tera Shard
ITEMNAME_1876,7133A3C4D270A9BA,Dragon Tera Shard
ITEMNAME_1877,7133A4C4D270AB6D,Dark Tera Shard
ITEMNAME_1878,713395C4D27091F0,Steel Tera Shard
ITEMNAME_1879,713396C4D27093A3,Fairy Tera Shard
ITEMNAME_1880,713017C4D26D85FF,Booster Energy
ITEMNAME_1881,713016C4D26D844C,Ability Shield
ITEMNAME_1882,713019C4D26D8965,Clear Amulet
ITEMNAME_1883,713018C4D26D87B2,Mirror Herb
ITEMNAME_1884,713013C4D26D7F33,Punching Glove
ITEMNAME_1885,713012C4D26D7D80,Covert Cloak
ITEMNAME_1886,713015C4D26D8299,Loaded Dice
ITEMNAME_1887,713014C4D26D80E6,
ITEMNAME_1888,71301FC4D26D9397,Baguette
ITEMNAME_1889,71301EC4D26D91E4,Mayonnaise
ITEMNAME_1890,712D11C4D26B45F6,Ketchup
ITEMNAME_1891,712D12C4D26B47A9,Mustard
ITEMNAME_1892,712D0FC4D26B4290,Butter
ITEMNAME_1893,712D10C4D26B4443,Peanut Butter
ITEMNAME_1894,712D15C4D26B4CC2,Chili Sauce
ITEMNAME_1895,712D16C4D26B4E75,Salt
ITEMNAME_1896,712D13C4D26B495C,Pepper
ITEMNAME_1897,712D14C4D26B4B0F,Yogurt
ITEMNAME_1898,712D19C4D26B538E,Whipped Cream
ITEMNAME_1899,712D1AC4D26B5541,Cream Cheese
ITEMNAME_1900,68356CC4CD40DE9C,Jam
ITEMNAME_1901,68356DC4CD40E04F,Marmalade
ITEMNAME_1902,68356EC4CD40E202,Olive Oil
ITEMNAME_1903,68356FC4CD40E3B5,Vinegar
ITEMNAME_1904,683568C4CD40D7D0,Sweet Herba Mystica
ITEMNAME_1905,683569C4CD40D983,Salty Herba Mystica
ITEMNAME_1906,68356AC4CD40DB36,Sour Herba Mystica
ITEMNAME_1907,68356BC4CD40DCE9,Bitter Herba Mystica
ITEMNAME_1908,683574C4CD40EC34,Spicy Herba Mystica
ITEMNAME_1909,683575C4CD40EDE7,Lettuce
ITEMNAME_1910,683872C4CD431EA5,Tomato
ITEMNAME_1911,683871C4CD431CF2,Cherry Tomatoes
ITEMNAME_1912,683870C4CD431B3F,Cucumber
ITEMNAME_1913,68386FC4CD43198C,Pickle
ITEMNAME_1914,68386EC4CD4317D9,Onion
ITEMNAME_1915,68386DC4CD431626,Red Onion
ITEMNAME_1916,68386CC4CD431473,Green Bell Pepper
ITEMNAME_1917,68386BC4CD4312C0,Red Bell Pepper
ITEMNAME_1918,68387AC4CD432C3D,Yellow Bell Pepper
ITEMNAME_1919,683879C4CD432A8A,Avocado
ITEMNAME_1920,683BF8C4CD46382E,Bacon
ITEMNAME_1921,683BF9C4CD4639E1,Ham
ITEMNAME_1922,683BF6C4CD4634C8,Prosciutto
ITEMNAME_1923,683BF7C4CD46367B,Chorizo
ITEMNAME_1924,683BFCC4CD463EFA,Herbed Sausage
ITEMNAME_1925,683BFDC4CD4640AD,Hamburger
ITEMNAME_1926,683BFAC4CD463B94,Klawf Stick
ITEMNAME_1927,683BFBC4CD463D47,Smoked Fillet
ITEMNAME_1928,683BF0C4CD462A96,Fried Fillet
ITEMNAME_1929,683BF1C4CD462C49,Egg
ITEMNAME_1930,683F7EC4CD4951B7,Potato Tortilla
ITEMNAME_1931,683F7DC4CD495004,Tofu
ITEMNAME_1932,683F80C4CD49551D,Rice
ITEMNAME_1933,683F7FC4CD49536A,Noodles
ITEMNAME_1934,683F7AC4CD494AEB,Potato Salad
ITEMNAME_1935,683F79C4CD494938,Cheese
ITEMNAME_1936,683F7CC4CD494E51,Banana
ITEMNAME_1937,683F7BC4CD494C9E,Strawberry
ITEMNAME_1938,683F76C4CD49441F,Apple
ITEMNAME_1939,683F75C4CD49426C,Kiwi
ITEMNAME_1940,682774C4CD34AED8,Pineapple
ITEMNAME_1941,682775C4CD34B08B,Jalapeño
ITEMNAME_1942,682776C4CD34B23E,Horseradish
ITEMNAME_1943,682777C4CD34B3F1,Curry Powder
ITEMNAME_1944,682778C4CD34B5A4,Wasabi
ITEMNAME_1945,682779C4CD34B757,Watercress
ITEMNAME_1946,68277AC4CD34B90A,Basil
ITEMNAME_1947,68277BC4CD34BABD,
ITEMNAME_1948,68276CC4CD34A140,
ITEMNAME_1949,68276DC4CD34A2F3,
ITEMNAME_1950,682AFAC4CD37C861,
ITEMNAME_1951,682AF9C4CD37C6AE,
ITEMNAME_1952,682AF8C4CD37C4FB,
ITEMNAME_1953,682AF7C4CD37C348,
ITEMNAME_1954,682AFEC4CD37CF2D,
ITEMNAME_1955,682AFDC4CD37CD7A,
ITEMNAME_1956,682AFCC4CD37CBC7,Venonat Fang
ITEMNAME_1957,682AFBC4CD37CA14,Diglett Dirt
ITEMNAME_1958,682AF2C4CD37BAC9,Meowth Fur
ITEMNAME_1959,682AF1C4CD37B916,Psyduck Down
ITEMNAME_1960,682E80C4CD3AE1EA,Mankey Fur
ITEMNAME_1961,682E81C4CD3AE39D,Growlithe Fur
ITEMNAME_1962,682E7EC4CD3ADE84,Slowpoke Claw
ITEMNAME_1963,682E7FC4CD3AE037,Magnemite Screw
ITEMNAME_1964,682E7CC4CD3ADB1E,Grimer Toxin
ITEMNAME_1965,682E7DC4CD3ADCD1,Shellder Pearl
ITEMNAME_1966,682E7AC4CD3AD7B8,Gastly Gas
ITEMNAME_1967,682E7BC4CD3AD96B,Drowzee Fur
ITEMNAME_1968,682E78C4CD3AD452,Voltorb Sparks
ITEMNAME_1969,682E79C4CD3AD605,Scyther Claw
ITEMNAME_1970,6831E6C4CD3DC513,Tauros Hair
ITEMNAME_1971,6831E5C4CD3DC360,Magikarp Scales
ITEMNAME_1972,6831E8C4CD3DC879,Ditto Goo
ITEMNAME_1973,6831E7C4CD3DC6C6,Eevee Fur
ITEMNAME_1974,6831EAC4CD3DCBDF,Dratini Scales
ITEMNAME_1975,6831E9C4CD3DCA2C,Pichu Fur
ITEMNAME_1976,6831ECC4CD3DCF45,Igglybuff Fluff
ITEMNAME_1977,6831EBC4CD3DCD92,Mareep Wool
ITEMNAME_1978,6831EEC4CD3DD2AB,Hoppip Leaf
ITEMNAME_1979,6831EDC4CD3DD0F8,Sunkern Leaf
ITEMNAME_1980,6819FCC4CD295894,Murkrow Bauble
ITEMNAME_1981,6819FDC4CD295A47,Misdreavus Tears
ITEMNAME_1982,6819FEC4CD295BFA,Girafarig Fur
ITEMNAME_1983,6819FFC4CD295DAD,Pineco Husk
ITEMNAME_1984,6819F8C4CD2951C8,Dunsparce Scales
ITEMNAME_1985,6819F9C4CD29537B,Qwilfish Spines
ITEMNAME_1986,6819FAC4CD29552E,Heracross Claw
ITEMNAME_1987,6819FBC4CD2956E1,Sneasel Claw
ITEMNAME_1988,6819F4C4CD294AFC,Teddiursa Claw
ITEMNAME_1989,6819F5C4CD294CAF,Delibird Parcel
ITEMNAME_1990,681D82C4CD2C721D,Houndour Fang
ITEMNAME_1991,681D81C4CD2C706A,Phanpy Nail
ITEMNAME_1992,681D80C4CD2C6EB7,Stantler Hair
ITEMNAME_1993,681D7FC4CD2C6D04,Larvitar Claw
ITEMNAME_1994,681D7EC4CD2C6B51,Wingull Feather
ITEMNAME_1995,681D7DC4CD2C699E,Ralts Dust
ITEMNAME_1996,681D7CC4CD2C67EB,Surskit Syrup
ITEMNAME_1997,681D7BC4CD2C6638,Shroomish Spores
ITEMNAME_1998,681D7AC4CD2C6485,Slakoth Fur
ITEMNAME_1999,681D79C4CD2C62D2,Makuhita Sweat
ITEMNAME_2000,9718FBAA2023DECC,Azurill Fur
ITEMNAME_2001,9718FCAA2023E07F,Sableye Gem
ITEMNAME_2002,9718FDAA2023E232,Meditite Sweat
ITEMNAME_2003,9718FEAA2023E3E5,Gulpin Mucus
ITEMNAME_2004,9718F7AA2023D800,Numel Lava
ITEMNAME_2005,9718F8AA2023D9B3,Torkoal Coal
ITEMNAME_2006,9718F9AA2023DB66,Spoink Pearl
ITEMNAME_2007,9718FAAA2023DD19,Cacnea Needle
ITEMNAME_2008,971903AA2023EC64,Swablu Fluff
ITEMNAME_2009,971904AA2023EE17,Zangoose Claw
ITEMNAME_2010,971C81AA2026F855,Seviper Fang
ITEMNAME_2011,971C80AA2026F6A2,Barboach Slime
ITEMNAME_2012,971C7FAA2026F4EF,Shuppet Scrap
ITEMNAME_2013,971C7EAA2026F33C,Tropius Leaf
ITEMNAME_2014,971C7DAA2026F189,Snorunt Fur
ITEMNAME_2015,971C7CAA2026EFD6,Luvdisc Scales
ITEMNAME_2016,971C7BAA2026EE23,Bagon Scales
ITEMNAME_2017,971C7AAA2026EC70,Starly Feather
ITEMNAME_2018,971C89AA202705ED,Kricketot Shell
ITEMNAME_2019,971C88AA2027043A,Shinx Fang
ITEMNAME_2020,972007AA202A11DE,Combee Honey
ITEMNAME_2021,972008AA202A1391,Pachirisu Fur
ITEMNAME_2022,972005AA202A0E78,Buizel Fur
ITEMNAME_2023,972006AA202A102B,Shellos Mucus
ITEMNAME_2024,97200BAA202A18AA,Drifloon Gas
ITEMNAME_2025,97200CAA202A1A5D,Stunky Fur
ITEMNAME_2026,972009AA202A1544,Bronzor Fragment
ITEMNAME_2027,97200AAA202A16F7,Bonsly Tears
ITEMNAME_2028,971FFFAA202A0446,Happiny Dust
ITEMNAME_2029,972000AA202A05F9,Spiritomb Fragment
ITEMNAME_2030,97238DAA202D2B67,Gible Scales
ITEMNAME_2031,97238CAA202D29B4,Riolu Fur
ITEMNAME_2032,97238FAA202D2ECD,Hippopotas Sand
ITEMNAME_2033,97238EAA202D2D1A,Croagunk Poison
ITEMNAME_2034,972389AA202D249B,Finneon Scales
ITEMNAME_2035,972388AA202D22E8,Snover Berries
ITEMNAME_2036,97238BAA202D2801,Rotom Sparks
ITEMNAME_2037,97238AAA202D264E,Petilil Leaf
ITEMNAME_2038,972385AA202D1DCF,Basculin Fang
ITEMNAME_2039,972384AA202D1C1C,Sandile Claw
ITEMNAME_2040,970B83AA20188888,Zorua Fur
ITEMNAME_2041,970B84AA20188A3B,Gothita Eyelash
ITEMNAME_2042,970B85AA20188BEE,Deerling Hair
ITEMNAME_2043,970B86AA20188DA1,Foongus Spores
ITEMNAME_2044,970B87AA20188F54,Alomomola Mucus
ITEMNAME_2045,970B88AA20189107,Tynamo Slime
ITEMNAME_2046,970B89AA201892BA,Axew Scales
ITEMNAME_2047,970B8AAA2018946D,Cubchoo Fur
ITEMNAME_2048,970B7BAA20187AF0,Cryogonal Ice
ITEMNAME_2049,970B7CAA20187CA3,Pawniard Blade
ITEMNAME_2050,970F09AA201BA211,Rufflet Feather
ITEMNAME_2051,970F08AA201BA05E,Deino Scales
ITEMNAME_2052,970F07AA201B9EAB,Larvesta Fuzz
ITEMNAME_2053,970F06AA201B9CF8,Fletchling Feather
ITEMNAME_2054,970F0DAA201BA8DD,Scatterbug Powder
ITEMNAME_2055,970F0CAA201BA72A,Litleo Tuft
ITEMNAME_2056,970F0BAA201BA577,Flabébé Pollen
ITEMNAME_2057,970F0AAA201BA3C4,Skiddo Leaf
ITEMNAME_2058,970F01AA201B9479,Skrelp Kelp
ITEMNAME_2059,970F00AA201B92C6,Clauncher Claw
ITEMNAME_2060,97128FAA201EBB9A,Hawlucha Down
ITEMNAME_2061,971290AA201EBD4D,Dedenne Fur
ITEMNAME_2062,97128DAA201EB834,Goomy Goo
ITEMNAME_2063,97128EAA201EB9E7,Klefki Key
ITEMNAME_2064,97128BAA201EB4CE,Bergmite Ice
ITEMNAME_2065,97128CAA201EB681,Noibat Fur
ITEMNAME_2066,971289AA201EB168,Yungoos Fur
ITEMNAME_2067,97128AAA201EB31B,Crabrawler Shell
ITEMNAME_2068,971287AA201EAE02,Oricorio Feather
ITEMNAME_2069,971288AA201EAFB5,Rockruff Rock
ITEMNAME_2070,9715F5AA20219EC3,Mareanie Spike
ITEMNAME_2071,9715F4AA20219D10,Mudbray Mud
ITEMNAME_2072,9715F7AA2021A229,Fomantis Leaf
ITEMNAME_2073,9715F6AA2021A076,Salandit Gas
ITEMNAME_2074,9715F9AA2021A58F,Bounsweet Sweat
ITEMNAME_2075,9715F8AA2021A3DC,Oranguru Fur
ITEMNAME_2076,9715FBAA2021A8F5,Passimian Fur
ITEMNAME_2077,9715FAAA2021A742,Sandygast Sand
ITEMNAME_2078,9715FDAA2021AC5B,Komala Claw
ITEMNAME_2079,9715FCAA2021AAA8,Mimikyu Scrap
ITEMNAME_2080,96FE0BAA200D3244,Bruxish Tooth
ITEMNAME_2081,96FE0CAA200D33F7,Chewtle Claw
ITEMNAME_2082,96FE0DAA200D35AA,Skwovet Fur
ITEMNAME_2083,96FE0EAA200D375D,Arrokuda Scales
ITEMNAME_2084,96FE07AA200D2B78,Rookidee Feather
ITEMNAME_2085,96FE08AA200D2D2B,Toxel Sparks
ITEMNAME_2086,96FE09AA200D2EDE,Falinks Sweat
ITEMNAME_2087,96FE0AAA200D3091,Cufant Tarnish
ITEMNAME_2088,96FE03AA200D24AC,Rolycoly Coal
ITEMNAME_2089,96FE04AA200D265F,Silicobra Sand
ITEMNAME_2090,970191AA20104BCD,Indeedee Fur
ITEMNAME_2091,970190AA20104A1A,Pincurchin Spines
ITEMNAME_2092,97018FAA20104867,Snom Thread
ITEMNAME_2093,97018EAA201046B4,Impidimp Hair
ITEMNAME_2094,97018DAA20104501,Applin Juice
ITEMNAME_2095,97018CAA2010434E,Sinistea Chip
ITEMNAME_2096,97018BAA2010419B,Hatenna Dust
ITEMNAME_2097,97018AAA20103FE8,Stonjourner Stone
ITEMNAME_2098,970189AA20103E35,Eiscue Down
ITEMNAME_2099,970188AA20103C82,Dreepy Powder
ITEMNAME_2100,9E7C36AA23F6AE17,
ITEMNAME_2101,9E7C35AA23F6AC64,
ITEMNAME_2102,9E7C38AA23F6B17D,
ITEMNAME_2103,9E7C37AA23F6AFCA,Lechonk Hair
ITEMNAME_2104,9E7C32AA23F6A74B,Tarountula Thread
ITEMNAME_2105,9E7C31AA23F6A598,Nymble Claw
ITEMNAME_2106,9E7C34AA23F6AAB1,Rellor Mud
ITEMNAME_2107,9E7C33AA23F6A8FE,Greavard Wax
ITEMNAME_2108,9E7C2EAA23F6A07F,Flittle Down
ITEMNAME_2109,9E7C2DAA23F69ECC,Wiglett Sand
ITEMNAME_2110,9E7930AA23F46E0E,Dondozo Whisker
ITEMNAME_2111,9E7931AA23F46FC1,Veluza Fillet
ITEMNAME_2112,9E792EAA23F46AA8,Finizen Mucus
ITEMNAME_2113,9E792FAA23F46C5B,Smoliv Oil
ITEMNAME_2114,9E7934AA23F474DA,Capsakid Seed
ITEMNAME_2115,9E7935AA23F4768D,Tadbulb Mucus
ITEMNAME_2116,9E7932AA23F47174,Varoom Fume
ITEMNAME_2117,9E7933AA23F47327,Orthworm Tarnish
ITEMNAME_2118,9E7928AA23F46076,Tandemaus Fur
ITEMNAME_2119,9E7929AA23F46229,Cetoddle Grease
ITEMNAME_2120,9E75AAAA23F15485,Frigibax Scales
ITEMNAME_2121,9E75A9AA23F152D2,Tatsugiri Scales
ITEMNAME_2122,9E75A8AA23F1511F,Cyclizar Scales
ITEMNAME_2123,9E75A7AA23F14F6C,Pawmi Fur
ITEMNAME_2124,9E75A6AA23F14DB9,
ITEMNAME_2125,9E75A5AA23F14C06,
ITEMNAME_2126,9E75A4AA23F14A53,Wattrel Feather
ITEMNAME_2127,9E75A3AA23F148A0,Bombirdier Feather
ITEMNAME_2128,9E75B2AA23F1621D,Squawkabilly Feather
ITEMNAME_2129,9E75B1AA23F1606A,Flamigo Down
ITEMNAME_2130,9E7224AA23EE3AFC,Klawf Claw
ITEMNAME_2131,9E7225AA23EE3CAF,Nacli Salt
ITEMNAME_2132,9E7226AA23EE3E62,Glimmet Crystal
ITEMNAME_2133,9E7227AA23EE4015,Shroodle Ink
ITEMNAME_2134,9E7220AA23EE3430,Fidough Fur
ITEMNAME_2135,9E7221AA23EE35E3,Maschiff Fang
ITEMNAME_2136,9E7222AA23EE3796,Bramblin Twig
ITEMNAME_2137,9E7223AA23EE3949,Gimmighoul Coin
ITEMNAME_2138,9E722CAA23EE4894,
ITEMNAME_2139,9E722DAA23EE4A47,
ITEMNAME_2140,9E6E9EAA23EB2173,
ITEMNAME_2141,9E6E9DAA23EB1FC0,
ITEMNAME_2142,9E6EA0AA23EB24D9,
ITEMNAME_2143,9E6E9FAA23EB2326,
ITEMNAME_2144,9E6EA2AA23EB283F,
ITEMNAME_2145,9E6EA1AA23EB268C,
ITEMNAME_2146,9E6EA4AA23EB2BA5,
ITEMNAME_2147,9E6EA3AA23EB29F2,
ITEMNAME_2148,9E6EA6AA23EB2F0B,
ITEMNAME_2149,9E6EA5AA23EB2D58,
ITEMNAME_2150,9E6B38AA23E83E4A,
ITEMNAME_2151,9E6B39AA23E83FFD,
ITEMNAME_2152,9E6B36AA23E83AE4,
ITEMNAME_2153,9E6B37AA23E83C97,
ITEMNAME_2154,9E6B34AA23E8377E,
ITEMNAME_2155,9E6B35AA23E83931,
ITEMNAME_2156,9E6B32AA23E83418,Tinkatink Hair
ITEMNAME_2157,9E6B33AA23E835CB,Charcadet Soot
ITEMNAME_2158,9E6B30AA23E830B2,Toedscool Flaps
ITEMNAME_2159,9E6B31AA23E83265,Wooper Slime
ITEMNAME_2160,9E6832AA23E5FE41,TM100
ITEMNAME_2161,9E6831AA23E5FC8E,TM101
ITEMNAME_2162,9E6830AA23E5FADB,TM102
ITEMNAME_2163,9E682FAA23E5F928,TM103
ITEMNAME_2164,9E6836AA23E6050D,TM104
ITEMNAME_2165,9E6835AA23E6035A,TM105
ITEMNAME_2166,9E6834AA23E601A7,TM106
ITEMNAME_2167,9E6833AA23E5FFF4,TM107
ITEMNAME_2168,9E682AAA23E5F0A9,TM108
ITEMNAME_2169,9E6829AA23E5EEF6,TM109
ITEMNAME_2170,9E64ACAA23E2E4B8,TM110
ITEMNAME_2171,9E64ADAA23E2E66B,TM111
ITEMNAME_2172,9E64AEAA23E2E81E,TM112
ITEMNAME_2173,9E64AFAA23E2E9D1,TM113
ITEMNAME_2174,9E64B0AA23E2EB84,TM114
ITEMNAME_2175,9E64B1AA23E2ED37,TM115
ITEMNAME_2176,9E64B2AA23E2EEEA,TM116
ITEMNAME_2177,9E64B3AA23E2F09D,TM117
ITEMNAME_2178,9E64A4AA23E2D720,TM118
ITEMNAME_2179,9E64A5AA23E2D8D3,TM119
ITEMNAME_2180,9E6126AA23DFCB2F,TM120
ITEMNAME_2181,9E6125AA23DFC97C,TM121
ITEMNAME_2182,9E6128AA23DFCE95,TM122
ITEMNAME_2183,9E6127AA23DFCCE2,TM123
ITEMNAME_2184,9E6122AA23DFC463,TM124
ITEMNAME_2185,9E6121AA23DFC2B0,TM125
ITEMNAME_2186,9E6124AA23DFC7C9,TM126
ITEMNAME_2187,9E6123AA23DFC616,TM127
ITEMNAME_2188,9E612EAA23DFD8C7,TM128
ITEMNAME_2189,9E612DAA23DFD714,TM129
ITEMNAME_2190,9E5DA0AA23DCB1A6,TM130
ITEMNAME_2191,9E5DA1AA23DCB359,TM131
ITEMNAME_2192,9E5D9EAA23DCAE40,TM132
ITEMNAME_2193,9E5D9FAA23DCAFF3,TM133
ITEMNAME_2194,9E5DA4AA23DCB872,TM134
ITEMNAME_2195,9E5DA5AA23DCBA25,TM135
ITEMNAME_2196,9E5DA2AA23DCB50C,TM136
ITEMNAME_2197,9E5DA3AA23DCB6BF,TM137
ITEMNAME_2198,9E5DA8AA23DCBF3E,TM138
ITEMNAME_2199,9E5DA9AA23DCC0F1,TM139
ITEMNAME_2200,A725D1AA28DEE322,TM140
ITEMNAME_2201,A725D2AA28DEE4D5,TM141
ITEMNAME_2202,A725CFAA28DEDFBC,TM142
ITEMNAME_2203,A725D0AA28DEE16F,TM143
ITEMNAME_2204,A725CDAA28DEDC56,TM144
ITEMNAME_2205,A725CEAA28DEDE09,TM145
ITEMNAME_2206,A725CBAA28DED8F0,TM146
ITEMNAME_2207,A725CCAA28DEDAA3,TM147
ITEMNAME_2208,A725D9AA28DEF0BA,TM148
ITEMNAME_2209,A725DAAA28DEF26D,TM149
ITEMNAME_2210,A72957AA28E1FCAB,TM150
ITEMNAME_2211,A72956AA28E1FAF8,TM151
ITEMNAME_2212,A72959AA28E20011,TM152
ITEMNAME_2213,A72958AA28E1FE5E,TM153
ITEMNAME_2214,A7295BAA28E20377,TM154
ITEMNAME_2215,A7295AAA28E201C4,TM155
ITEMNAME_2216,A7295DAA28E206DD,TM156
ITEMNAME_2217,A7295CAA28E2052A,TM157
ITEMNAME_2218,A7294FAA28E1EF13,TM158
ITEMNAME_2219,A7294EAA28E1ED60,TM159
ITEMNAME_2220,A71F45AA28D98990,TM160
ITEMNAME_2221,A71F46AA28D98B43,TM161
ITEMNAME_2222,A71F47AA28D98CF6,TM162
ITEMNAME_2223,A71F48AA28D98EA9,TM163
ITEMNAME_2224,A71F49AA28D9905C,TM164
ITEMNAME_2225,A71F4AAA28D9920F,TM165
ITEMNAME_2226,A71F4BAA28D993C2,TM166
ITEMNAME_2227,A71F4CAA28D99575,TM167
ITEMNAME_2228,A71F4DAA28D99728,TM168
ITEMNAME_2229,A71F4EAA28D998DB,TM169
ITEMNAME_2230,A7224BAA28DBC999,TM170
ITEMNAME_2231,A7224AAA28DBC7E6,TM171
ITEMNAME_2232,A72249AA28DBC633,TM172
ITEMNAME_2233,A72248AA28DBC480,TM173
ITEMNAME_2234,A7224FAA28DBD065,TM174
ITEMNAME_2235,A7224EAA28DBCEB2,TM175
ITEMNAME_2236,A7224DAA28DBCCFF,TM176
ITEMNAME_2237,A7224CAA28DBCB4C,TM177
ITEMNAME_2238,A72253AA28DBD731,TM178
ITEMNAME_2239,A72252AA28DBD57E,TM179
ITEMNAME_2240,A73349AA28EA3966,TM180
ITEMNAME_2241,A7334AAA28EA3B19,TM181
ITEMNAME_2242,A73347AA28EA3600,TM182
ITEMNAME_2243,A73348AA28EA37B3,TM183
ITEMNAME_2244,A7334DAA28EA4032,TM184
ITEMNAME_2245,A7334EAA28EA41E5,TM185
ITEMNAME_2246,A7334BAA28EA3CCC,TM186
ITEMNAME_2247,A7334CAA28EA3E7F,TM187
ITEMNAME_2248,A73351AA28EA46FE,TM188
ITEMNAME_2249,A73352AA28EA48B1,TM189
ITEMNAME_2250,A736CFAA28ED52EF,TM190
ITEMNAME_2251,A736CEAA28ED513C,TM191
ITEMNAME_2252,A736D1AA28ED5655,TM192
ITEMNAME_2253,A736D0AA28ED54A2,TM193
ITEMNAME_2254,A736CBAA28ED4C23,TM194
ITEMNAME_2255,A736CAAA28ED4A70,TM195
ITEMNAME_2256,A736CDAA28ED4F89,TM196
ITEMNAME_2257,A736CCAA28ED4DD6,TM197
ITEMNAME_2258,A736D7AA28ED6087,TM198
ITEMNAME_2259,A736D6AA28ED5ED4,TM199
ITEMNAME_2260,A72CDDAA28E51634,TM200
ITEMNAME_2261,A72CDEAA28E517E7,TM201
ITEMNAME_2262,A72CDFAA28E5199A,TM202
ITEMNAME_2263,A72CE0AA28E51B4D,TM203
ITEMNAME_2264,A72CD9AA28E50F68,TM204
ITEMNAME_2265,A72CDAAA28E5111B,TM205
ITEMNAME_2266,A72CDBAA28E512CE,TM206
ITEMNAME_2267,A72CDCAA28E51481,TM207
ITEMNAME_2268,A72CD5AA28E5089C,TM208
ITEMNAME_2269,A72CD6AA28E50A4F,TM209
ITEMNAME_2270,A72FE3AA28E7563D,TM210
ITEMNAME_2271,A72FE2AA28E7548A,TM211
ITEMNAME_2272,A72FE1AA28E752D7,TM212
ITEMNAME_2273,A72FE0AA28E75124,TM213
ITEMNAME_2274,A72FDFAA28E74F71,TM214
ITEMNAME_2275,A72FDEAA28E74DBE,TM215
ITEMNAME_2276,A72FDDAA28E74C0B,TM216
ITEMNAME_2277,A72FDCAA28E74A58,TM217
ITEMNAME_2278,A72FDBAA28E748A5,TM218
ITEMNAME_2279,A72FDAAA28E746F2,TM219
ITEMNAME_2280,A740E1AA28F5C60A,TM220
ITEMNAME_2281,A740E2AA28F5C7BD,TM221
ITEMNAME_2282,A740DFAA28F5C2A4,TM222
ITEMNAME_2283,A740E0AA28F5C457,TM223
ITEMNAME_2284,A740DDAA28F5BF3E,TM224
ITEMNAME_2285,A740DEAA28F5C0F1,TM225
ITEMNAME_2286,A740DBAA28F5BBD8,TM226
ITEMNAME_2287,A740DCAA28F5BD8B,TM227
ITEMNAME_2288,A740D9AA28F5B872,TM228
ITEMNAME_2289,A740DAAA28F5BA25,TM229
ITEMNAME_2290,A74447AA28F8A933,
ITEMNAME_2291,A74446AA28F8A780,
ITEMNAME_2292,A74449AA28F8AC99,
ITEMNAME_2293,A74448AA28F8AAE6,
ITEMNAME_2294,A7444BAA28F8AFFF,
ITEMNAME_2295,A7444AAA28F8AE4C,
ITEMNAME_2296,A7444DAA28F8B365,
ITEMNAME_2297,A7444CAA28F8B1B2,
ITEMNAME_2298,A7444FAA28F8B6CB,
ITEMNAME_2299,A7444EAA28F8B518,
ITEMNAME_2300,B03C0CAA2E2346ED,
ITEMNAME_2301,B03C0BAA2E23453A,
ITEMNAME_2302,B03C0AAA2E234387,
ITEMNAME_2303,B03C09AA2E2341D4,
ITEMNAME_2304,B03C08AA2E234021,
ITEMNAME_2305,B03C07AA2E233E6E,
ITEMNAME_2306,B03C06AA2E233CBB,
ITEMNAME_2307,B03C05AA2E233B08,
ITEMNAME_2308,B03C04AA2E233955,
ITEMNAME_2309,B03C03AA2E2337A2,
ITEMNAME_2310,B03886AA2E202D64,
ITEMNAME_2311,B03887AA2E202F17,Picnic Set
ITEMNAME_2312,B03888AA2E2030CA,
ITEMNAME_2313,B03889AA2E20327D,Academy Bottle
ITEMNAME_2314,B03882AA2E202698,Academy Bottle
ITEMNAME_2315,B03883AA2E20284B,Polka-Dot Bottle
ITEMNAME_2316,B03884AA2E2029FE,Striped Bottle
ITEMNAME_2317,B03885AA2E202BB1,Diamond Bottle
ITEMNAME_2318,B0387EAA2E201FCC,Academy Cup
ITEMNAME_2319,B0387FAA2E20217F,Academy Cup
ITEMNAME_2320,B042F8AA2E29439F,Striped Cup
ITEMNAME_2321,B042F7AA2E2941EC,Polka-Dot Cup
ITEMNAME_2322,B042FAAA2E294705,Flower Pattern Cup
ITEMNAME_2323,B042F9AA2E294552,Academy Tablecloth
ITEMNAME_2324,B042F4AA2E293CD3,Academy Tablecloth
ITEMNAME_2325,B042F3AA2E293B20,Whimsical Tablecloth
ITEMNAME_2326,B042F6AA2E294039,Leafy Tablecloth
ITEMNAME_2327,B042F5AA2E293E86,Spooky Tablecloth
ITEMNAME_2328,B04300AA2E295137,
ITEMNAME_2329,B042FFAA2E294F84,Academy Ball
ITEMNAME_2330,B03F72AA2E262A16,Academy Ball
ITEMNAME_2331,B03F73AA2E262BC9,Marill Ball
ITEMNAME_2332,B03F70AA2E2626B0,Yarn Ball
ITEMNAME_2333,B03F71AA2E262863,Cyber Ball
ITEMNAME_2334,B03F76AA2E2630E2,Gold Pick
ITEMNAME_2335,B03F77AA2E263295,Silver Pick
ITEMNAME_2336,B03F74AA2E262D7C,Red-Flag Pick
ITEMNAME_2337,B03F75AA2E262F2F,Blue-Flag Pick
ITEMNAME_2338,B03F7AAA2E2637AE,Pika-Pika Pick
ITEMNAME_2339,B03F7BAA2E263961,Winking Pika Pick
ITEMNAME_2340,B02E74AA2E17BA49,Vee-Vee Pick
ITEMNAME_2341,B02E73AA2E17B896,Smiling Vee Pick
ITEMNAME_2342,B02E72AA2E17B6E3,Blue Poké Ball Pick
ITEMNAME_2343,B02E71AA2E17B530,
ITEMNAME_2344,B02E78AA2E17C115,Auspicious Armor
ITEMNAME_2345,B02E77AA2E17BF62,Leader’s Crest
ITEMNAME_2346,B02E76AA2E17BDAF,
ITEMNAME_2347,B02E75AA2E17BBFC,
ITEMNAME_2348,B02E7CAA2E17C7E1,Pink Bottle
ITEMNAME_2349,B02E7BAA2E17C62E,Blue Bottle
ITEMNAME_2350,B02AEEAA2E14A0C0,Yellow Bottle
ITEMNAME_2351,B02AEFAA2E14A273,Steel Bottle (R)
ITEMNAME_2352,B02AF0AA2E14A426,Steel Bottle (Y)
ITEMNAME_2353,B02AF1AA2E14A5D9,Steel Bottle (B)
ITEMNAME_2354,B02AF2AA2E14A78C,Silver Bottle
ITEMNAME_2355,B02AF3AA2E14A93F,Barred Cup
ITEMNAME_2356,B02AF4AA2E14AAF2,Diamond Pattern Cup
ITEMNAME_2357,B02AF5AA2E14ACA5,Fire Pattern Cup
ITEMNAME_2358,B02AF6AA2E14AE58,Pink Cup
ITEMNAME_2359,B02AF7AA2E14B00B,Blue Cup
ITEMNAME_2360,B03580AA2E1DED5B,Yellow Cup
ITEMNAME_2361,B0357FAA2E1DEBA8,Pikachu Cup
ITEMNAME_2362,B03582AA2E1DF0C1,Eevee Cup
ITEMNAME_2363,B03581AA2E1DEF0E,Slowpoke Cup
ITEMNAME_2364,B03584AA2E1DF427,Silver Cup
ITEMNAME_2365,B03583AA2E1DF274,Exercise Ball
ITEMNAME_2366,B03586AA2E1DF78D,Plaid Tablecloth (Y)
ITEMNAME_2367,B03585AA2E1DF5DA,Plaid Tablecloth (B)
ITEMNAME_2368,B03578AA2E1DDFC3,Plaid Tablecloth (R)
ITEMNAME_2369,B03577AA2E1DDE10,B&W Grass Tablecloth
ITEMNAME_2370,B031FAAA2E1AD3D2,Battle Tablecloth
ITEMNAME_2371,B031FBAA2E1AD585,Monstrous Tablecloth
ITEMNAME_2372,B031F8AA2E1AD06C,Striped Tablecloth
ITEMNAME_2373,B031F9AA2E1AD21F,Diamond Tablecloth
ITEMNAME_2374,B031F6AA2E1ACD06,Polka-Dot Tablecloth
ITEMNAME_2375,B031F7AA2E1ACEB9,Lilac Tablecloth
ITEMNAME_2376,B031F4AA2E1AC9A0,Mint Tablecloth
ITEMNAME_2377,B031F5AA2E1ACB53,Peach Tablecloth
ITEMNAME_2378,B03202AA2E1AE16A,Yellow Tablecloth
ITEMNAME_2379,B03203AA2E1AE31D,Blue Tablecloth
ITEMNAME_2380,B0577CAA2E3ACCF5,Pink Tablecloth
ITEMNAME_2381,B0577BAA2E3ACB42,Gold Bottle
ITEMNAME_2382,B0577AAA2E3AC98F,Bronze Bottle
ITEMNAME_2383,B05779AA2E3AC7DC,Gold Cup
ITEMNAME_2384,B05778AA2E3AC629,Bronze Cup
ITEMNAME_2385,B05777AA2E3AC476,Green Poké Ball Pick
ITEMNAME_2386,B05776AA2E3AC2C3,Red Poké Ball Pick
ITEMNAME_2387,B05775AA2E3AC110,Party Sparkler Pick
ITEMNAME_2388,B05784AA2E3ADA8D,Heroic Sword Pick
ITEMNAME_2389,B05783AA2E3AD8DA,Magical Star Pick
ITEMNAME_2390,B053F6AA2E37B36C,Magical Heart Pick
ITEMNAME_2391,B053F7AA2E37B51F,Parasol Pick
ITEMNAME_2392,B053F8AA2E37B6D2,Blue-Sky Flower Pick
ITEMNAME_2393,B053F9AA2E37B885,Sunset Flower Pick
ITEMNAME_2394,B053F2AA2E37ACA0,Sunrise Flower Pick
ITEMNAME_2395,B053F3AA2E37AE53,Blue Dish
ITEMNAME_2396,B053F4AA2E37B006,Green Dish
ITEMNAME_2397,B053F5AA2E37B1B9,Orange Dish
ITEMNAME_2398,B053FEAA2E37C104,Red Dish
ITEMNAME_2399,B053FFAA2E37C2B7,White Dish
ITEMNAME_2400,74734FAA0C8450E0,Yellow Dish
ITEMNAME_2401,747350AA0C845293,Fairy Feather
ITEMNAME_2402,747351AA0C845446,Syrupy Apple
ITEMNAME_2403,747352AA0C8455F9,Unremarkable Teacup
ITEMNAME_2404,747353AA0C8457AC,Masterpiece Teacup
ITEMNAME_2405,747354AA0C84595F,Teal Mask
ITEMNAME_2406,747355AA0C845B12,Cornerstone Mask
ITEMNAME_2407,747356AA0C845CC5,Wellspring Mask
ITEMNAME_2408,747357AA0C845E78,Hearthflame Mask
ITEMNAME_2409,747358AA0C84602B,Teal Style Card
ITEMNAME_2410,7476D5AA0C876A69,Crystal Cluster
ITEMNAME_2411,7476D4AA0C8768B6,Health Mochi
ITEMNAME_2412,7476D3AA0C876703,Muscle Mochi
ITEMNAME_2413,7476D2AA0C876550,Resist Mochi
ITEMNAME_2414,7476D9AA0C877135,Genius Mochi
ITEMNAME_2415,7476D8AA0C876F82,Clever Mochi
ITEMNAME_2416,7476D7AA0C876DCF,Swift Mochi
ITEMNAME_2417,7476D6AA0C876C1C,Simple Chairs
ITEMNAME_2418,7476DDAA0C877801,Academy Chairs
ITEMNAME_2419,7476DCAA0C87764E,Academy Chairs
ITEMNAME_2420,7479DBAA0C89AA72,Whimsical Chairs
ITEMNAME_2421,7479DCAA0C89AC25,Leafy Chairs
ITEMNAME_2422,7479D9AA0C89A70C,Spooky Chairs
ITEMNAME_2423,7479DAAA0C89A8BF,Plaid Chairs (Y)
ITEMNAME_2424,7479D7AA0C89A3A6,Plaid Chairs (B)
ITEMNAME_2425,7479D8AA0C89A559,Plaid Chairs (R)
ITEMNAME_2426,7479D5AA0C89A040,B&W Grass Chairs
ITEMNAME_2427,7479D6AA0C89A1F3,Battle Chairs
ITEMNAME_2428,7479E3AA0C89B80A,Monstrous Chairs
ITEMNAME_2429,7479E4AA0C89B9BD,Striped Chairs
ITEMNAME_2430,747D61AA0C8CC3FB,Diamond Chairs
ITEMNAME_2431,747D60AA0C8CC248,Polka-Dot Chairs
ITEMNAME_2432,747D63AA0C8CC761,Lilac Chairs
ITEMNAME_2433,747D62AA0C8CC5AE,Mint Chairs
ITEMNAME_2434,747D65AA0C8CCAC7,Peach Chairs
ITEMNAME_2435,747D64AA0C8CC914,Yellow Chairs
ITEMNAME_2436,747D67AA0C8CCE2D,Blue Chairs
ITEMNAME_2437,747D66AA0C8CCC7A,Pink Chairs
ITEMNAME_2438,747D59AA0C8CB663,Ekans Fang
ITEMNAME_2439,747D58AA0C8CB4B0,Sandshrew Claw
ITEMNAME_2440,7480E7AA0C8FDD84,Cleffa Fur
ITEMNAME_2441,7480E8AA0C8FDF37,Vulpix Fur
ITEMNAME_2442,7480E9AA0C8FE0EA,Poliwag Slime
ITEMNAME_2443,7480EAAA0C8FE29D,Bellsprout Vine
ITEMNAME_2444,7480E3AA0C8FD6B8,Geodude Fragment
ITEMNAME_2445,7480E4AA0C8FD86B,Koffing Gas
ITEMNAME_2446,7480E5AA0C8FDA1E,Munchlax Fang
ITEMNAME_2447,7480E6AA0C8FDBD1,Sentret Fur
ITEMNAME_2448,7480DFAA0C8FCFEC,Hoothoot Feather
ITEMNAME_2449,7480E0AA0C8FD19F,Spinarak Thread
ITEMNAME_2450,74846DAA0C92F70D,Aipom Hair
ITEMNAME_2451,74846CAA0C92F55A,Yanma Spike
ITEMNAME_2452,74846BAA0C92F3A7,Gligar Fang
ITEMNAME_2453,74846AAA0C92F1F4,Slugma Lava
ITEMNAME_2454,748469AA0C92F041,Swinub Hair
ITEMNAME_2455,748468AA0C92EE8E,Poochyena Fang
ITEMNAME_2456,748467AA0C92ECDB,Lotad Leaf
ITEMNAME_2457,748466AA0C92EB28,Seedot Stem
ITEMNAME_2458,748465AA0C92E975,Nosepass Fragment
ITEMNAME_2459,748464AA0C92E7C2,Volbeat Fluid
ITEMNAME_2460,7487D3AA0C95DA36,Illumise Fluid
ITEMNAME_2461,7487D4AA0C95DBE9,Corphish Shell
ITEMNAME_2462,7487D1AA0C95D6D0,Feebas Scales
ITEMNAME_2463,7487D2AA0C95D883,Duskull Fragment
ITEMNAME_2464,7487D7AA0C95E102,Chingling Fragment
ITEMNAME_2465,7487D8AA0C95E2B5,Timburr Sweat
ITEMNAME_2466,7487D5AA0C95DD9C,Sewaddle Leaf
ITEMNAME_2467,7487D6AA0C95DF4F,Ducklett Feather
ITEMNAME_2468,7487DBAA0C95E7CE,Litwick Soot
ITEMNAME_2469,7487DCAA0C95E981,Mienfoo Claw
ITEMNAME_2470,748AD9AA0C981A3F,Vullaby Feather
ITEMNAME_2471,748AD8AA0C98188C,Carbink Jewel
ITEMNAME_2472,748ADBAA0C981DA5,Phantump Twig
ITEMNAME_2473,748ADAAA0C981BF2,Grubbin Thread
ITEMNAME_2474,748AD5AA0C981373,Cutiefly Powder
ITEMNAME_2475,748AD4AA0C9811C0,Jangmo-o Scales
ITEMNAME_2476,748AD7AA0C9816D9,Cramorant Down
ITEMNAME_2477,748AD6AA0C981526,Morpeko Snack
ITEMNAME_2478,748AE1AA0C9827D7,Poltchageist Powder
ITEMNAME_2479,748AE0AA0C982624,Fresh-Start Mochi
ITEMNAME_2480,748E5FAA0C9B33C8,Roto-Stick
ITEMNAME_2481,748E60AA0C9B357B,Glimmering Charm
ITEMNAME_2482,748E61AA0C9B372E,Metal Alloy
ITEMNAME_2483,748E62AA0C9B38E1,Indigo Style Card
ITEMNAME_2484,748E63AA0C9B3A94,Oddish Leaf
ITEMNAME_2485,748E64AA0C9B3C47,Tentacool Stinger
ITEMNAME_2486,748E65AA0C9B3DFA,Doduo Down
ITEMNAME_2487,748E66AA0C9B3FAD,Seel Fur
ITEMNAME_2488,748E57AA0C9B2630,Exeggcute Shell
ITEMNAME_2489,748E58AA0C9B27E3,Tyrogue Sweat
ITEMNAME_2490,7491E5AA0C9E4D51,Rhyhorn Fang
ITEMNAME_2491,7491E4AA0C9E4B9E,Horsea Ink
ITEMNAME_2492,7491E3AA0C9E49EB,Elekid Fur
ITEMNAME_2493,7491E2AA0C9E4838,Magby Hair
ITEMNAME_2494,7491E9AA0C9E541D,Lapras Teardrop
ITEMNAME_2495,7491E8AA0C9E526A,Porygon Fragment
ITEMNAME_2496,7491E7AA0C9E50B7,Chinchou Sparks
ITEMNAME_2497,7491E6AA0C9E4F04,Snubbull Hair
ITEMNAME_2498,7491DDAA0C9E3FB9,Skarmory Feather
ITEMNAME_2499,7491DCAA0C9E3E06,Smeargle Paint
ITEMNAME_2500,7BD68AAA1057202B,Plusle Fur
ITEMNAME_2501,7BD689AA10571E78,Minun Fur
ITEMNAME_2502,7BD68CAA10572391,Trapinch Shell
ITEMNAME_2503,7BD68BAA105721DE,Beldum Claw
ITEMNAME_2504,7BD68EAA105726F7,Cranidos Spike
ITEMNAME_2505,7BD68DAA10572544,Shieldon Claw
ITEMNAME_2506,7BD690AA10572A5D,Blitzle Mane Hair
ITEMNAME_2507,7BD68FAA105728AA,Drilbur Claw
ITEMNAME_2508,7BD682AA10571293,Cottonee Fluff
ITEMNAME_2509,7BD681AA105710E0,Scraggy Sweat
ITEMNAME_2510,7BD304AA105406A2,Minccino Fur
ITEMNAME_2511,7BD305AA10540855,Solosis Gel
ITEMNAME_2512,7BD302AA1054033C,Joltik Thread
ITEMNAME_2513,7BD303AA105404EF,Golett Shard
ITEMNAME_2514,7BD300AA1053FFD6,Espurr Fur
ITEMNAME_2515,7BD301AA10540189,Inkay Ink
ITEMNAME_2516,7BD2FEAA1053FC70,Pikipek Feather
ITEMNAME_2517,7BD2FFAA1053FE23,Dewpider Thread
ITEMNAME_2518,7BD30CAA1054143A,Comfey Flower
ITEMNAME_2519,7BD30DAA105415ED,Minior Shell
ITEMNAME_2520,7BCF7EAA1050ED19,Milcery Cream
ITEMNAME_2521,7BCF7DAA1050EB66,Duraludon Tarnish
ITEMNAME_2522,7BCF7CAA1050E9B3,Articuno Treat
ITEMNAME_2523,7BCF7BAA1050E800,Zapdos Treat
ITEMNAME_2524,7BCF82AA1050F3E5,Moltres Treat
ITEMNAME_2525,7BCF81AA1050F232,Raikou Treat
ITEMNAME_2526,7BCF80AA1050F07F,Entei Treat
ITEMNAME_2527,7BCF7FAA1050EECC,Suicune Treat
ITEMNAME_2528,7BCF86AA1050FAB1,Lugia Treat
ITEMNAME_2529,7BCF85AA1050F8FE,Ho-Oh Treat
ITEMNAME_2530,7BCC78AA104EAD10,Latias Treat
ITEMNAME_2531,7BCC79AA104EAEC3,Latios Treat
ITEMNAME_2532,7BCC7AAA104EB076,Kyogre Treat
ITEMNAME_2533,7BCC7BAA104EB229,Groudon Treat
ITEMNAME_2534,7BCC7CAA104EB3DC,Rayquaza Treat
ITEMNAME_2535,7BCC7DAA104EB58F,Cobalion Treat
ITEMNAME_2536,7BCC7EAA104EB742,Terrakion Treat
ITEMNAME_2537,7BCC7FAA104EB8F5,Virizion Treat
ITEMNAME_2538,7BCC80AA104EBAA8,Reshiram Treat
ITEMNAME_2539,7BCC81AA104EBC5B,Zekrom Treat
ITEMNAME_2540,7BE402AA1062766F,Kyurem Treat
ITEMNAME_2541,7BE401AA106274BC,Solgaleo Treat
ITEMNAME_2542,7BE404AA106279D5,Lunala Treat
ITEMNAME_2543,7BE403AA10627822,Necrozma Treat
ITEMNAME_2544,7BE3FEAA10626FA3,Kubfu Treat
ITEMNAME_2545,7BE3FDAA10626DF0,Glastrier Treat
ITEMNAME_2546,7BE400AA10627309,Spectrier Treat
ITEMNAME_2547,7BE3FFAA10627156,Indigo Disk
ITEMNAME_2548,7BE40AAA10628407,Fiery Pick
ITEMNAME_2549,7BE409AA10628254,Stellar Tera Shard
ITEMNAME_2550,7BE07CAA105F5CE6,Mythical Pecha Berry
ITEMNAME_2551,7BE07DAA105F5E99,Blueberry Tablecloth
ITEMNAME_2552,7BE07AAA105F5980,Blueberry Chairs
ITEMNAME_2553,7BE07BAA105F5B33,Synchro Machine
ITEMNAME_2554,7BE080AA105F63B2,Meteorite
ITEMNAME_2555,7BE081AA105F6565,Scarlet Book
ITEMNAME_2556,7BE07EAA105F604C,Violet Book
ITEMNAME_2557,7BE07FAA105F61FF,Briar’s Book
